{
"type": "FeatureCollection",
"name": "tratte",
"crs": { "type": "name", "properties": { "name": "urn:ogc:def:crs:EPSG::3003" } },
"features": [
{ "type": "Feature", "properties": { "nomline": "SFMR FASE 3", "progressiv": 6022.866 }, "geometry": { "type": "MultiLineString", "coordinates": [ [ [ 1740908.3, 4994244.0 ], [ 1741372.8, 4994244.299999999813735 ], [ 1741826.2, 4994229.0 ], [ 1742100.1, 4994193.900000000372529 ], [ 1742701.7, 4994092.400000000372529 ], [ 1744404.1, 4993807.299999999813735 ], [ 1744688.7, 4993759.700000000186265 ], [ 1744788.5, 4993752.099999999627471 ], [ 1745090.0, 4993724.5 ], [ 1746881.5, 4993540.200000000186265 ] ] ] } },
{ "type": "Feature", "properties": { "nomline": "SFMR FASE 4", "progressiv": 4241.216 }, "geometry": { "type": "MultiLineString", "coordinates": [ [ [ 1735309.2, 5107198.099999999627471 ], [ 1735375.8, 5107199.900000000372529 ], [ 1735480.1, 5107229.700000000186265 ], [ 1735599.4, 5107319.099999999627471 ], [ 1735912.4, 5107498.0 ], [ 1736046.5, 5107676.900000000372529 ], [ 1736419.2, 5108124.0 ], [ 1736896.1, 5108705.299999999813735 ], [ 1737239.0, 5109063.0 ], [ 1737358.2, 5109212.099999999627471 ], [ 1737492.3, 5109331.299999999813735 ], [ 1737671.2, 5109391.0 ], [ 1737850.1, 5109376.099999999627471 ], [ 1738058.7, 5109361.099999999627471 ], [ 1738312.1, 5109331.299999999813735 ], [ 1738505.9, 5109301.5 ], [ 1738610.5, 5109297.5 ] ] ] } },
{ "type": "Feature", "properties": { "nomline": "SFMR FASE 3", "progressiv": 277.801 }, "geometry": { "type": "MultiLineString", "coordinates": [ [ [ 1735881.1, 4994095.200000000186265 ], [ 1735940.4, 4994119.900000000372529 ], [ 1736018.5, 4994143.599999999627471 ], [ 1736148.3, 4994167.299999999813735 ] ] ] } },
{ "type": "Feature", "properties": { "nomline": "SFMR FASE 3", "progressiv": 4355.846 }, "geometry": { "type": "MultiLineString", "coordinates": [ [ [ 1736148.3, 4994167.299999999813735 ], [ 1740503.5, 4994242.299999999813735 ] ] ] } },
{ "type": "Feature", "properties": { "nomline": "SFMR FASE 3", "progressiv": 864.066 }, "geometry": { "type": "MultiLineString", "coordinates": [ [ [ 1718953.8, 4995260.200000000186265 ], [ 1718970.9, 4994921.0 ], [ 1718978.7, 4994770.400000000372529 ], [ 1718985.7, 4994655.400000000372529 ], [ 1718998.0, 4994461.299999999813735 ], [ 1719002.1, 4994397.5 ] ] ] } },
{ "type": "Feature", "properties": { "nomline": "SFMR FASE 3", "progressiv": 2563.333 }, "geometry": { "type": "MultiLineString", "coordinates": [ [ [ 1718319.5, 4997679.299999999813735 ], [ 1718534.2, 4997312.400000000372529 ], [ 1718786.3, 4996886.200000000186265 ], [ 1718840.3, 4996760.099999999627471 ], [ 1718864.3, 4996664.099999999627471 ], [ 1718876.3, 4996514.0 ], [ 1718892.6, 4996355.5 ], [ 1718904.2, 4996146.700000000186265 ], [ 1718947.3, 4995377.200000000186265 ], [ 1718953.8, 4995260.200000000186265 ] ] ] } },
{ "type": "Feature", "properties": { "nomline": "SFMR FASE 3", "progressiv": 8730.864 }, "geometry": { "type": "MultiLineString", "coordinates": [ [ [ 1719002.1, 4994397.5 ], [ 1719045.2, 4994155.299999999813735 ], [ 1719086.8, 4994005.5 ], [ 1719211.6, 4993680.900000000372529 ], [ 1719378.1, 4993331.299999999813735 ], [ 1719544.6, 4993056.700000000186265 ], [ 1719919.1, 4992532.299999999813735 ], [ 1720177.1, 4992157.799999999813735 ], [ 1720343.6, 4991966.299999999813735 ], [ 1720451.8, 4991891.400000000372529 ], [ 1720626.6, 4991816.5 ], [ 1721042.7, 4991816.5 ], [ 1721708.6, 4991824.799999999813735 ], [ 1722882.2, 4992082.799999999813735 ], [ 1724139.0, 4992340.900000000372529 ], [ 1725279.3, 4992557.299999999813735 ], [ 1725653.9, 4992623.900000000372529 ], [ 1725762.1, 4992640.5 ], [ 1725853.6, 4992623.900000000372529 ], [ 1726011.8, 4992598.900000000372529 ], [ 1726137.4, 4992573.599999999627471 ] ] ] } },
{ "type": "Feature", "properties": { "nomline": "SFMR FASE 3", "progressiv": 6947.47 }, "geometry": { "type": "MultiLineString", "coordinates": [ [ [ 1729493.7, 4991896.400000000372529 ], [ 1729807.2, 4991833.0 ], [ 1729965.4, 4991816.400000000372529 ], [ 1730073.6, 4991824.700000000186265 ], [ 1730215.1, 4991883.0 ], [ 1731172.3, 4992390.700000000186265 ], [ 1732087.8, 4992873.5 ], [ 1732379.1, 4993023.299999999813735 ], [ 1732512.3, 4993048.299999999813735 ], [ 1732703.8, 4993056.599999999627471 ], [ 1733394.6, 4992990.0 ], [ 1733561.1, 4992990.0 ], [ 1733677.6, 4993015.0 ], [ 1733852.4, 4993098.200000000186265 ], [ 1734751.3, 4993539.299999999813735 ], [ 1735433.4, 4993875.799999999813735 ], [ 1735686.6, 4994002.400000000372529 ], [ 1735798.4, 4994055.700000000186265 ], [ 1735881.1, 4994095.200000000186265 ] ] ] } },
{ "type": "Feature", "properties": { "nomline": "SFMR FASE 3", "progressiv": 3423.938 }, "geometry": { "type": "MultiLineString", "coordinates": [ [ [ 1726137.4, 4992573.599999999627471 ], [ 1729493.7, 4991896.400000000372529 ] ] ] } },
{ "type": "Feature", "properties": { "nomline": "SFMR FASE 4", "progressiv": 7670.928 }, "geometry": { "type": "MultiLineString", "coordinates": [ [ [ 1747921.4, 5114826.700000000186265 ], [ 1748000.5, 5114891.0 ], [ 1748045.2, 5114980.400000000372529 ], [ 1748045.2, 5115099.700000000186265 ], [ 1748089.9, 5115189.099999999627471 ], [ 1748179.3, 5115263.599999999627471 ], [ 1748328.4, 5115368.0 ], [ 1748417.8, 5115427.599999999627471 ], [ 1748552.0, 5115457.400000000372529 ], [ 1748760.6, 5115457.400000000372529 ], [ 1748879.9, 5115502.099999999627471 ], [ 1748961.1, 5115531.200000000186265 ], [ 1749032.1, 5115602.200000000186265 ], [ 1749092.3, 5115689.700000000186265 ], [ 1749119.6, 5115810.0 ], [ 1749125.1, 5116340.299999999813735 ], [ 1749130.5, 5116471.5 ], [ 1749152.4, 5116548.0 ], [ 1749239.9, 5116657.400000000372529 ], [ 1749311.0, 5116755.799999999813735 ], [ 1749360.2, 5116854.200000000186265 ], [ 1749398.4, 5116990.900000000372529 ], [ 1749425.8, 5117089.299999999813735 ], [ 1749464.0, 5117144.0 ], [ 1749557.0, 5117220.5 ], [ 1749660.9, 5117269.700000000186265 ], [ 1749748.3, 5117313.5 ], [ 1749863.1, 5117400.900000000372529 ], [ 1750142.0, 5117652.400000000372529 ], [ 1750267.7, 5117789.099999999627471 ], [ 1750371.6, 5117876.599999999627471 ], [ 1750420.8, 5117958.599999999627471 ], [ 1750480.9, 5118111.700000000186265 ], [ 1750541.1, 5118210.099999999627471 ], [ 1750584.8, 5118308.5 ], [ 1750655.9, 5118368.599999999627471 ], [ 1750727.0, 5118445.200000000186265 ], [ 1750819.9, 5118499.799999999813735 ], [ 1750912.9, 5118527.200000000186265 ], [ 1751005.8, 5118549.0 ], [ 1751087.8, 5118565.400000000372529 ], [ 1751208.1, 5118565.400000000372529 ], [ 1751322.9, 5118543.599999999627471 ], [ 1751421.3, 5118527.200000000186265 ], [ 1751525.2, 5118527.200000000186265 ], [ 1751629.1, 5118549.0 ], [ 1751727.5, 5118598.200000000186265 ], [ 1751820.4, 5118647.400000000372529 ], [ 1751913.4, 5118702.099999999627471 ], [ 1751984.4, 5118778.599999999627471 ], [ 1752055.5, 5118877.099999999627471 ], [ 1752175.8, 5119035.599999999627471 ], [ 1752274.2, 5119155.900000000372529 ], [ 1752383.5, 5119309.0 ], [ 1752481.9, 5119407.400000000372529 ], [ 1752514.7, 5119451.099999999627471 ], [ 1752580.3, 5119473.0 ], [ 1752733.4, 5119522.200000000186265 ], [ 1752840.8, 5119541.700000000186265 ], [ 1752959.3, 5119563.200000000186265 ] ] ] } },
{ "type": "Feature", "properties": { "nomline": "SFMR FASE 3", "progressiv": 2051.144 }, "geometry": { "type": "MultiLineString", "coordinates": [ [ [ 1715181.1, 5003089.0 ], [ 1715270.4, 5002914.200000000186265 ], [ 1715306.4, 5002852.099999999627471 ], [ 1715775.6, 5002070.099999999627471 ], [ 1716103.3, 5001466.200000000186265 ], [ 1716163.0, 5001374.700000000186265 ], [ 1716203.9, 5001312.099999999627471 ] ] ] } },
{ "type": "Feature", "properties": { "nomline": "SFMR FASE 3", "progressiv": 2313.668 }, "geometry": { "type": "MultiLineString", "coordinates": [ [ [ 1746881.5, 4993540.200000000186265 ], [ 1747610.9, 4993465.200000000186265 ], [ 1747758.1, 4993452.200000000186265 ], [ 1747923.2, 4993479.299999999813735 ], [ 1748093.4, 4993559.799999999813735 ], [ 1749086.6, 4993961.900000000372529 ], [ 1749081.2, 4993960.599999999627471 ] ] ] } },
{ "type": "Feature", "properties": { "nomline": "SFMR FASE 3", "progressiv": 2991.589 }, "geometry": { "type": "MultiLineString", "coordinates": [ [ [ 1724061.2, 5053542.0 ], [ 1725394.8, 5052881.299999999813735 ], [ 1726734.9, 5052200.099999999627471 ] ] ] } },
{ "type": "Feature", "properties": { "nomline": "SFMR FASE 1", "progressiv": 3403.095 }, "geometry": { "type": "MultiLineString", "coordinates": [ [ [ 1724651.8, 5034331.200000000186265 ], [ 1724766.4, 5034488.900000000372529 ], [ 1724949.9, 5034771.900000000372529 ], [ 1725206.1, 5035188.599999999627471 ], [ 1725519.6, 5035697.200000000186265 ], [ 1725710.8, 5035999.200000000186265 ], [ 1725825.5, 5036221.0 ], [ 1725940.2, 5036500.099999999627471 ], [ 1726035.8, 5036825.099999999627471 ], [ 1726104.6, 5037108.099999999627471 ], [ 1726137.0, 5037351.299999999813735 ] ] ] } },
{ "type": "Feature", "properties": { "nomline": "SFMR FASE 3", "progressiv": 2496.9 }, "geometry": { "type": "MultiLineString", "coordinates": [ [ [ 1726734.9, 5052200.099999999627471 ], [ 1727727.7, 5051665.900000000372529 ], [ 1728359.9, 5051332.0 ], [ 1728515.8, 5051220.700000000186265 ], [ 1728604.8, 5051131.599999999627471 ], [ 1728649.3, 5050975.799999999813735 ], [ 1728671.6, 5050802.200000000186265 ] ] ] } },
{ "type": "Feature", "properties": { "nomline": "SFMR FASE 1", "progressiv": 4309.611 }, "geometry": { "type": "MultiLineString", "coordinates": [ [ [ 1726654.3, 5043236.400000000372529 ], [ 1727091.2, 5044746.700000000186265 ], [ 1727804.2, 5047389.599999999627471 ] ] ] } },
{ "type": "Feature", "properties": { "nomline": "SFMR FASE 1", "progressiv": 502.178 }, "geometry": { "type": "MultiLineString", "coordinates": [ [ [ 1728671.6, 5050802.200000000186265 ], [ 1728542.5, 5050316.900000000372529 ] ] ] } },
{ "type": "Feature", "properties": { "nomline": "SFMR FASE 1", "progressiv": 5922.159 }, "geometry": { "type": "MultiLineString", "coordinates": [ [ [ 1726137.0, 5037351.299999999813735 ], [ 1726140.7, 5037667.700000000186265 ], [ 1726118.8, 5038418.799999999813735 ], [ 1726105.6, 5038881.900000000372529 ], [ 1726112.2, 5039113.5 ], [ 1726165.1, 5039550.099999999627471 ], [ 1726277.6, 5040410.099999999627471 ], [ 1726476.1, 5041984.599999999627471 ], [ 1726555.5, 5042659.400000000372529 ], [ 1726608.4, 5043029.900000000372529 ], [ 1726654.3, 5043236.400000000372529 ] ] ] } },
{ "type": "Feature", "properties": { "nomline": "SFMR FASE 1", "progressiv": 3019.032 }, "geometry": { "type": "MultiLineString", "coordinates": [ [ [ 1727804.2, 5047389.599999999627471 ], [ 1728117.5, 5048592.5 ], [ 1728542.5, 5050316.900000000372529 ] ] ] } },
{ "type": "Feature", "properties": { "nomline": "SFMR FASE 1", "progressiv": 2968.197 }, "geometry": { "type": "MultiLineString", "coordinates": [ [ [ 1728666.2, 5053709.5 ], [ 1728916.5, 5052672.0 ], [ 1728943.2, 5052471.700000000186265 ], [ 1728952.1, 5052249.099999999627471 ], [ 1728929.8, 5052013.099999999627471 ], [ 1728885.3, 5051759.400000000372529 ], [ 1728809.6, 5051336.400000000372529 ], [ 1728671.6, 5050802.200000000186265 ] ] ] } },
{ "type": "Feature", "properties": { "nomline": "SFMR FASE 3", "progressiv": 257.131 }, "geometry": { "type": "MultiLineString", "coordinates": [ [ [ 1742479.3, 5004256.299999999813735 ], [ 1742570.8, 5004016.0 ] ] ] } },
{ "type": "Feature", "properties": { "nomline": "SFMR FASE 3", "progressiv": 5830.257 }, "geometry": { "type": "MultiLineString", "coordinates": [ [ [ 1739620.3, 5009335.599999999627471 ], [ 1740057.8, 5008569.200000000186265 ], [ 1741376.7, 5006242.0 ], [ 1741700.4, 5005687.599999999627471 ], [ 1741962.5, 5005217.099999999627471 ], [ 1742258.3, 5004696.099999999627471 ], [ 1742370.9, 5004495.400000000372529 ], [ 1742431.6, 5004342.599999999627471 ], [ 1742479.3, 5004256.299999999813735 ] ] ] } },
{ "type": "Feature", "properties": { "nomline": "SFMR FASE 3", "progressiv": 2362.341 }, "geometry": { "type": "MultiLineString", "coordinates": [ [ [ 1749081.0, 4993959.599999999627471 ], [ 1750576.1, 4994564.799999999813735 ], [ 1750678.8, 4994593.5 ], [ 1750803.0, 4994616.400000000372529 ], [ 1750986.6, 4994598.400000000372529 ], [ 1751312.4, 4994534.599999999627471 ] ] ] } },
{ "type": "Feature", "properties": { "nomline": "SFMR FASE 2", "progressiv": 5515.728 }, "geometry": { "type": "MultiLineString", "coordinates": [ [ [ 1722700.9, 5031236.400000000372529 ], [ 1722575.9, 5030927.5 ], [ 1722458.2, 5030626.0 ], [ 1722318.5, 5030346.599999999627471 ], [ 1722009.6, 5029780.299999999813735 ], [ 1721664.0, 5029140.5 ], [ 1721340.4, 5028537.5 ], [ 1721024.2, 5027949.200000000186265 ], [ 1720855.1, 5027669.700000000186265 ], [ 1720671.2, 5027279.900000000372529 ], [ 1720502.1, 5026897.5 ], [ 1720255.8, 5026300.099999999627471 ] ] ] } },
{ "type": "Feature", "properties": { "nomline": "SFMR FASE 3", "progressiv": 4204.019 }, "geometry": { "type": "MultiLineString", "coordinates": [ [ [ 1716203.9, 5001312.099999999627471 ], [ 1716366.1, 5001027.299999999813735 ], [ 1717255.8, 4999487.900000000372529 ], [ 1717428.0, 4999191.200000000186265 ], [ 1717470.3, 4999114.299999999813735 ], [ 1718319.5, 4997679.299999999813735 ] ] ] } },
{ "type": "Feature", "properties": { "nomline": "SFMR FASE 4", "progressiv": 338.676 }, "geometry": { "type": "MultiLineString", "coordinates": [ [ [ 1706759.6, 5081650.400000000372529 ], [ 1706872.1, 5081525.599999999627471 ], [ 1706952.7, 5081423.599999999627471 ], [ 1706977.9, 5081391.700000000186265 ] ] ] } },
{ "type": "Feature", "properties": { "nomline": "SFMR FASE 4", "progressiv": 12122.802 }, "geometry": { "type": "MultiLineString", "coordinates": [ [ [ 1738610.5, 5109297.5 ], [ 1738893.4, 5109286.599999999627471 ], [ 1739221.3, 5109271.700000000186265 ], [ 1739340.6, 5109316.400000000372529 ], [ 1739579.1, 5109301.5 ], [ 1739683.4, 5109286.599999999627471 ], [ 1739817.5, 5109286.599999999627471 ], [ 1739921.9, 5109376.099999999627471 ], [ 1740041.1, 5109480.400000000372529 ], [ 1740175.3, 5109599.599999999627471 ], [ 1740309.4, 5109674.200000000186265 ], [ 1740443.6, 5109674.200000000186265 ], [ 1740697.0, 5109689.099999999627471 ], [ 1740816.2, 5109674.200000000186265 ], [ 1740890.7, 5109629.400000000372529 ], [ 1740965.2, 5109525.099999999627471 ], [ 1741054.7, 5109376.099999999627471 ], [ 1741173.9, 5109286.599999999627471 ], [ 1741263.3, 5109256.799999999813735 ], [ 1741337.9, 5109256.799999999813735 ], [ 1741427.3, 5109256.799999999813735 ], [ 1741531.6, 5109271.700000000186265 ], [ 1741621.1, 5109301.5 ], [ 1741814.8, 5109420.799999999813735 ], [ 1742664.4, 5110002.099999999627471 ], [ 1742828.4, 5110091.5 ], [ 1742962.5, 5110166.0 ], [ 1743081.8, 5110225.700000000186265 ], [ 1743171.2, 5110344.900000000372529 ], [ 1743275.5, 5110494.0 ], [ 1743409.7, 5110657.900000000372529 ], [ 1743528.9, 5110747.299999999813735 ], [ 1743663.1, 5110821.900000000372529 ], [ 1743752.5, 5110866.599999999627471 ], [ 1743856.8, 5110896.400000000372529 ], [ 1743976.1, 5110911.299999999813735 ], [ 1744125.1, 5110941.099999999627471 ], [ 1744304.0, 5110985.799999999813735 ], [ 1744453.1, 5111045.400000000372529 ], [ 1744557.4, 5111134.900000000372529 ], [ 1744646.8, 5111194.5 ], [ 1744766.1, 5111239.200000000186265 ], [ 1744900.2, 5111224.299999999813735 ], [ 1745079.1, 5111224.299999999813735 ], [ 1745257.9, 5111373.400000000372529 ], [ 1745421.9, 5111552.200000000186265 ], [ 1745541.1, 5111775.799999999813735 ], [ 1745720.0, 5112103.700000000186265 ], [ 1746167.1, 5112953.299999999813735 ], [ 1746405.6, 5113400.5 ], [ 1746435.4, 5113549.5 ], [ 1746524.9, 5113639.0 ], [ 1746629.2, 5113698.599999999627471 ], [ 1746882.6, 5113892.400000000372529 ], [ 1747121.1, 5114086.099999999627471 ], [ 1747568.2, 5114503.5 ], [ 1747762.0, 5114697.200000000186265 ], [ 1747848.0, 5114767.0 ], [ 1747921.4, 5114826.700000000186265 ] ] ] } },
{ "type": "Feature", "properties": { "nomline": "SFMR FASE 4", "progressiv": 340.936 }, "geometry": { "type": "MultiLineString", "coordinates": [ [ [ 1757392.4, 5109930.099999999627471 ], [ 1757392.3, 5109930.099999999627471 ], [ 1757479.0, 5109857.900000000372529 ], [ 1757630.5, 5109687.5 ] ] ] } },
{ "type": "Feature", "properties": { "nomline": "SFMR FASE 2", "progressiv": 5589.482 }, "geometry": { "type": "MultiLineString", "coordinates": [ [ [ 1715677.4, 5013978.0 ], [ 1716019.1, 5014695.5 ], [ 1716224.5, 5015154.400000000372529 ], [ 1716471.0, 5015661.099999999627471 ], [ 1716669.6, 5016099.400000000372529 ], [ 1716923.0, 5016633.5 ], [ 1717258.6, 5017325.200000000186265 ], [ 1717491.4, 5017804.5 ], [ 1717751.6, 5018660.5 ], [ 1717861.2, 5018975.5 ], [ 1717888.6, 5019098.799999999813735 ] ] ] } },
{ "type": "Feature", "properties": { "nomline": "SFMR FASE 2", "progressiv": 4210.558 }, "geometry": { "type": "MultiLineString", "coordinates": [ [ [ 1717888.6, 5019098.799999999813735 ], [ 1718266.8, 5020332.900000000372529 ], [ 1718670.9, 5021598.700000000186265 ], [ 1718926.2, 5022385.799999999813735 ], [ 1719117.7, 5022960.200000000186265 ], [ 1719170.9, 5023109.099999999627471 ] ] ] } },
{ "type": "Feature", "properties": { "nomline": "SFMR FASE 2", "progressiv": 3374.216 }, "geometry": { "type": "MultiLineString", "coordinates": [ [ [ 1719170.9, 5023109.099999999627471 ], [ 1719436.8, 5023960.0 ], [ 1719628.2, 5024640.799999999813735 ], [ 1719755.9, 5025055.599999999627471 ], [ 1719851.6, 5025321.5 ], [ 1720000.5, 5025704.400000000372529 ], [ 1720223.9, 5026225.599999999627471 ], [ 1720255.8, 5026300.099999999627471 ] ] ] } },
{ "type": "Feature", "properties": { "nomline": "SFMR FASE 1", "progressiv": 625.832 }, "geometry": { "type": "MultiLineString", "coordinates": [ [ [ 1751109.5, 5041701.5 ], [ 1751385.1, 5041774.0 ], [ 1751531.4, 5041799.200000000186265 ], [ 1751723.6, 5041790.400000000372529 ] ] ] } },
{ "type": "Feature", "properties": { "nomline": "SFMR FASE 3", "progressiv": 2255.545 }, "geometry": { "type": "MultiLineString", "coordinates": [ [ [ 1738516.4, 5020202.299999999813735 ], [ 1738535.8, 5020050.5 ], [ 1738532.5, 5019902.0 ], [ 1738519.6, 5019798.599999999627471 ], [ 1738529.3, 5019637.200000000186265 ], [ 1738535.8, 5019478.900000000372529 ], [ 1738539.0, 5019362.700000000186265 ], [ 1738522.9, 5019246.400000000372529 ], [ 1738500.3, 5019114.0 ], [ 1738490.6, 5018988.0 ], [ 1738497.0, 5018810.400000000372529 ], [ 1738513.2, 5018623.099999999627471 ], [ 1738539.0, 5018351.900000000372529 ], [ 1738545.5, 5018245.299999999813735 ], [ 1738522.9, 5018167.799999999813735 ], [ 1738484.1, 5018074.099999999627471 ], [ 1738435.7, 5017977.299999999813735 ] ] ] } },
{ "type": "Feature", "properties": { "nomline": "SFMR FASE 3", "progressiv": 2487.212 }, "geometry": { "type": "MultiLineString", "coordinates": [ [ [ 1738435.7, 5017977.299999999813735 ], [ 1738377.5, 5017841.599999999627471 ], [ 1738329.1, 5017757.700000000186265 ], [ 1738174.6, 5017401.599999999627471 ], [ 1738115.5, 5017283.299999999813735 ], [ 1738073.2, 5017139.599999999627471 ], [ 1737969.0, 5016767.799999999813735 ], [ 1737828.2, 5016227.0 ], [ 1737760.6, 5015965.099999999627471 ], [ 1737695.8, 5015742.599999999627471 ], [ 1737687.3, 5015683.400000000372529 ], [ 1737662.2, 5015622.900000000372529 ] ] ] } },
{ "type": "Feature", "properties": { "nomline": "SFMR FASE 1", "progressiv": 4409.394 }, "geometry": { "type": "MultiLineString", "coordinates": [ [ [ 1729029.9, 5061268.0 ], [ 1729251.8, 5061257.200000000186265 ], [ 1729451.8, 5061187.599999999627471 ], [ 1729566.6, 5061088.700000000186265 ], [ 1729620.8, 5060978.400000000372529 ], [ 1729658.8, 5060790.5 ], [ 1729724.3, 5060534.400000000372529 ], [ 1729781.3, 5060265.900000000372529 ], [ 1729865.6, 5059908.299999999813735 ], [ 1729911.1, 5059654.5 ], [ 1729951.8, 5059472.599999999627471 ], [ 1729980.9, 5059337.400000000372529 ], [ 1730020.2, 5059194.599999999627471 ], [ 1730074.6, 5059050.299999999813735 ], [ 1730176.7, 5058863.700000000186265 ], [ 1730334.9, 5058623.099999999627471 ], [ 1730488.5, 5058425.400000000372529 ], [ 1730754.5, 5058085.700000000186265 ], [ 1730995.2, 5057782.0 ], [ 1731053.1, 5057708.0 ], [ 1731085.2, 5057664.200000000186265 ] ] ] } },
{ "type": "Feature", "properties": { "nomline": "SFMR FASE 1", "progressiv": 1872.867 }, "geometry": { "type": "MultiLineString", "coordinates": [ [ [ 1732345.3, 5056231.599999999627471 ], [ 1733102.0, 5055699.0 ], [ 1733388.4, 5055492.299999999813735 ], [ 1733743.8, 5055242.099999999627471 ], [ 1733875.3, 5055151.5 ] ] ] } },
{ "type": "Feature", "properties": { "nomline": "SFMR FASE 1", "progressiv": 2460.163 }, "geometry": { "type": "MultiLineString", "coordinates": [ [ [ 1728016.2, 5056081.200000000186265 ], [ 1728327.6, 5055076.0 ], [ 1728470.4, 5054500.5 ], [ 1728613.2, 5053916.900000000372529 ], [ 1728666.2, 5053709.5 ] ] ] } },
{ "type": "Feature", "properties": { "nomline": "SFMR FASE 3", "progressiv": 1802.416 }, "geometry": { "type": "MultiLineString", "coordinates": [ [ [ 1724061.2, 5053542.0 ], [ 1723609.8, 5053790.599999999627471 ], [ 1723218.3, 5054016.400000000372529 ], [ 1722713.9, 5054279.900000000372529 ], [ 1722480.6, 5054407.799999999813735 ] ] ] } },
{ "type": "Feature", "properties": { "nomline": "SFMR FASE 3", "progressiv": 6304.215 }, "geometry": { "type": "MultiLineString", "coordinates": [ [ [ 1717369.1, 5057833.0 ], [ 1717406.8, 5057614.700000000186265 ], [ 1717444.4, 5057494.200000000186265 ], [ 1717504.6, 5057366.299999999813735 ], [ 1717557.3, 5057283.5 ], [ 1717655.2, 5057148.0 ], [ 1717813.3, 5057042.599999999627471 ], [ 1719190.9, 5056259.700000000186265 ], [ 1720643.8, 5055439.099999999627471 ], [ 1721968.7, 5054693.900000000372529 ], [ 1722405.3, 5054445.5 ], [ 1722480.6, 5054407.799999999813735 ] ] ] } },
{ "type": "Feature", "properties": { "nomline": "SFMR FASE 3", "progressiv": 4040.602 }, "geometry": { "type": "MultiLineString", "coordinates": [ [ [ 1717485.8, 5058657.299999999813735 ], [ 1717508.4, 5059033.700000000186265 ], [ 1717531.0, 5059334.799999999813735 ], [ 1717561.1, 5059425.099999999627471 ], [ 1717651.4, 5059711.200000000186265 ], [ 1717779.4, 5060004.799999999813735 ], [ 1717839.6, 5060208.0 ], [ 1717854.7, 5060366.099999999627471 ], [ 1717832.1, 5060531.700000000186265 ], [ 1717636.3, 5061307.099999999627471 ], [ 1717410.5, 5062248.0 ], [ 1717331.2, 5062579.5 ] ] ] } },
{ "type": "Feature", "properties": { "nomline": "SFMR FASE 3", "progressiv": 459.988 }, "geometry": { "type": "MultiLineString", "coordinates": [ [ [ 1717369.1, 5057833.0 ], [ 1717415.5, 5058151.599999999627471 ], [ 1717433.1, 5058288.5 ] ] ] } },
{ "type": "Feature", "properties": { "nomline": "SFMR FASE 3", "progressiv": 372.63 }, "geometry": { "type": "MultiLineString", "coordinates": [ [ [ 1717433.1, 5058288.5 ], [ 1717456.8, 5058482.299999999813735 ], [ 1717485.8, 5058657.299999999813735 ] ] ] } },
{ "type": "Feature", "properties": { "nomline": "SFMR FASE 2", "progressiv": 3053.813 }, "geometry": { "type": "MultiLineString", "coordinates": [ [ [ 1711675.4, 5055560.5 ], [ 1712373.8, 5055982.400000000372529 ], [ 1712837.2, 5056259.0 ], [ 1713300.5, 5056542.5 ], [ 1713597.9, 5056722.299999999813735 ], [ 1713992.1, 5056957.5 ], [ 1714293.8, 5057131.900000000372529 ] ] ] } },
{ "type": "Feature", "properties": { "nomline": "SFMR FASE 2", "progressiv": 3271.4 }, "geometry": { "type": "MultiLineString", "coordinates": [ [ [ 1714293.8, 5057131.900000000372529 ], [ 1714490.6, 5057243.599999999627471 ], [ 1714943.8, 5057237.200000000186265 ], [ 1715409.8, 5057269.099999999627471 ], [ 1715741.8, 5057294.599999999627471 ], [ 1715965.2, 5057332.900000000372529 ], [ 1716278.0, 5057396.799999999813735 ], [ 1716699.3, 5057479.799999999813735 ], [ 1717050.4, 5057550.0 ], [ 1717222.8, 5057607.400000000372529 ], [ 1717286.6, 5057652.099999999627471 ], [ 1717369.1, 5057833.0 ] ] ] } },
{ "type": "Feature", "properties": { "nomline": "SFMR FASE 2", "progressiv": 674.606 }, "geometry": { "type": "MultiLineString", "coordinates": [ [ [ 1707914.2, 5053309.200000000186265 ], [ 1708487.1, 5053665.400000000372529 ] ] ] } },
{ "type": "Feature", "properties": { "nomline": "SFMR FASE 2", "progressiv": 3709.251 }, "geometry": { "type": "MultiLineString", "coordinates": [ [ [ 1708487.1, 5053665.400000000372529 ], [ 1709960.6, 5054521.799999999813735 ], [ 1710540.0, 5054861.900000000372529 ], [ 1711157.1, 5055243.900000000372529 ], [ 1711675.4, 5055560.5 ] ] ] } },
{ "type": "Feature", "properties": { "nomline": "SFMR FASE 2", "progressiv": 2312.871 }, "geometry": { "type": "MultiLineString", "coordinates": [ [ [ 1722645.9, 5059818.099999999627471 ], [ 1722430.8, 5059779.700000000186265 ], [ 1721597.1, 5059620.5 ], [ 1720983.2, 5059499.299999999813735 ], [ 1720410.1, 5059400.299999999813735 ], [ 1720373.3, 5059389.799999999813735 ] ] ] } },
{ "type": "Feature", "properties": { "nomline": "SFMR FASE 2", "progressiv": 3046.254 }, "geometry": { "type": "MultiLineString", "coordinates": [ [ [ 1717485.8, 5058657.299999999813735 ], [ 1717603.0, 5058817.200000000186265 ], [ 1717694.0, 5058893.0 ], [ 1717792.5, 5058938.400000000372529 ], [ 1717966.8, 5058983.900000000372529 ], [ 1718421.5, 5059052.099999999627471 ], [ 1719065.8, 5059150.599999999627471 ], [ 1719929.8, 5059317.400000000372529 ], [ 1720280.9, 5059378.0 ], [ 1720373.3, 5059389.799999999813735 ] ] ] } },
{ "type": "Feature", "properties": { "nomline": "SFMR FASE 1", "progressiv": 4024.345 }, "geometry": { "type": "MultiLineString", "coordinates": [ [ [ 1735124.1, 5053949.099999999627471 ], [ 1736213.5, 5052792.299999999813735 ], [ 1736848.0, 5052131.599999999627471 ], [ 1737567.5, 5051392.5 ], [ 1737724.5, 5051228.900000000372529 ], [ 1737907.9, 5051043.099999999627471 ] ] ] } },
{ "type": "Feature", "properties": { "nomline": "SFMR FASE 1", "progressiv": 1572.698 }, "geometry": { "type": "MultiLineString", "coordinates": [ [ [ 1734587.1, 5036114.0 ], [ 1735097.7, 5036276.299999999813735 ], [ 1735689.3, 5036470.5 ], [ 1736000.9, 5036569.799999999813735 ], [ 1736082.2, 5036601.400000000372529 ] ] ] } },
{ "type": "Feature", "properties": { "nomline": "SFMR FASE 1", "progressiv": 594.615 }, "geometry": { "type": "MultiLineString", "coordinates": [ [ [ 1736082.2, 5036601.400000000372529 ], [ 1736438.9, 5036714.299999999813735 ], [ 1736648.2, 5036783.599999999627471 ] ] ] } },
{ "type": "Feature", "properties": { "nomline": "SFMR FASE 2", "progressiv": 668.797 }, "geometry": { "type": "MultiLineString", "coordinates": [ [ [ 1707338.6, 5052968.799999999813735 ], [ 1707618.0, 5053130.5 ], [ 1707738.6, 5053206.599999999627471 ], [ 1707914.2, 5053309.200000000186265 ] ] ] } },
{ "type": "Feature", "properties": { "nomline": "SFMR FASE 3", "progressiv": 5907.23 }, "geometry": { "type": "MultiLineString", "coordinates": [ [ [ 1713099.7, 5008667.5 ], [ 1713458.1, 5009355.599999999627471 ], [ 1713806.2, 5010076.700000000186265 ], [ 1714195.8, 5010889.0 ], [ 1714577.1, 5011659.900000000372529 ], [ 1714883.8, 5012298.099999999627471 ], [ 1715176.2, 5012906.299999999813735 ], [ 1715298.1, 5013150.200000000186265 ], [ 1715423.1, 5013409.299999999813735 ], [ 1715505.3, 5013583.0 ], [ 1715642.5, 5013854.299999999813735 ], [ 1715669.9, 5013912.200000000186265 ], [ 1715677.4, 5013978.0 ] ] ] } },
{ "type": "Feature", "properties": { "nomline": "SFMR FASE 1", "progressiv": 145.156 }, "geometry": { "type": "MultiLineString", "coordinates": [ [ [ 1733875.3, 5055151.5 ], [ 1733986.5, 5055058.200000000186265 ] ] ] } },
{ "type": "Feature", "properties": { "nomline": "SFMR FASE 1", "progressiv": 1590.225 }, "geometry": { "type": "MultiLineString", "coordinates": [ [ [ 1733981.6, 5055053.200000000186265 ], [ 1734481.9, 5054561.5 ], [ 1734847.1, 5054201.400000000372529 ], [ 1735044.9, 5054003.599999999627471 ], [ 1735124.1, 5053949.099999999627471 ] ] ] } },
{ "type": "Feature", "properties": { "nomline": "SFMR FASE 4", "progressiv": 4963.943 }, "geometry": { "type": "MultiLineString", "coordinates": [ [ [ 1756434.0, 5138142.599999999627471 ], [ 1756515.3, 5138264.099999999627471 ], [ 1756555.6, 5138334.599999999627471 ], [ 1756610.0, 5138404.0 ], [ 1756653.4, 5138472.700000000186265 ], [ 1756699.5, 5138582.799999999813735 ], [ 1756710.3, 5138639.700000000186265 ], [ 1756747.6, 5138763.400000000372529 ], [ 1756774.9, 5138868.400000000372529 ], [ 1756806.5, 5138986.700000000186265 ], [ 1756841.4, 5139098.200000000186265 ], [ 1756868.9, 5139200.200000000186265 ], [ 1756931.2, 5139361.5 ], [ 1756968.4, 5139450.0 ], [ 1756997.0, 5139512.900000000372529 ], [ 1757037.3, 5139547.299999999813735 ], [ 1757092.7, 5139599.599999999627471 ], [ 1757153.4, 5139646.200000000186265 ], [ 1757216.5, 5139703.0 ], [ 1757287.3, 5139766.299999999813735 ], [ 1757316.1, 5139790.0 ], [ 1757324.6, 5139800.5 ], [ 1757352.2, 5139863.400000000372529 ], [ 1757367.0, 5139887.299999999813735 ], [ 1757396.3, 5139920.099999999627471 ], [ 1757504.5, 5139996.5 ], [ 1757573.3, 5140042.5 ], [ 1757621.6, 5140076.400000000372529 ], [ 1757664.1, 5140089.799999999813735 ], [ 1757757.3, 5140166.400000000372529 ], [ 1757787.9, 5140193.200000000186265 ], [ 1757824.4, 5140241.5 ], [ 1757883.8, 5140365.400000000372529 ], [ 1757945.8, 5140460.299999999813735 ], [ 1757968.1, 5140492.700000000186265 ], [ 1757974.1, 5140511.099999999627471 ], [ 1757979.8, 5140534.5 ], [ 1757983.8, 5140552.900000000372529 ], [ 1757995.3, 5140581.599999999627471 ], [ 1758014.7, 5140772.599999999627471 ], [ 1758016.7, 5140880.299999999813735 ], [ 1757996.2, 5141013.799999999813735 ], [ 1757984.4, 5141063.299999999813735 ], [ 1757972.1, 5141102.799999999813735 ], [ 1757964.9, 5141159.700000000186265 ], [ 1757968.9, 5141213.200000000186265 ], [ 1757985.8, 5141271.400000000372529 ], [ 1757991.0, 5141320.900000000372529 ], [ 1757986.0, 5141374.900000000372529 ], [ 1757967.7, 5141433.200000000186265 ], [ 1757935.9, 5141479.599999999627471 ], [ 1757886.8, 5141549.200000000186265 ], [ 1757842.6, 5141603.0 ], [ 1757796.2, 5141714.0 ], [ 1757759.6, 5141900.799999999813735 ], [ 1757760.2, 5141997.299999999813735 ], [ 1757755.9, 5142093.5 ], [ 1757753.4, 5142137.599999999627471 ], [ 1757749.1, 5142196.700000000186265 ], [ 1757758.4, 5142246.400000000372529 ], [ 1757786.5, 5142372.599999999627471 ], [ 1757795.0, 5142429.200000000186265 ], [ 1757762.0, 5142465.900000000372529 ] ] ] } },
{ "type": "Feature", "properties": { "nomline": "SFMR FASE 1", "progressiv": 4180.1 }, "geometry": { "type": "MultiLineString", "coordinates": [ [ [ 1734587.1, 5036114.0 ], [ 1733985.7, 5035878.200000000186265 ], [ 1733198.5, 5035632.099999999627471 ], [ 1732499.7, 5035413.700000000186265 ], [ 1731795.7, 5035201.200000000186265 ], [ 1731126.5, 5034996.700000000186265 ], [ 1730875.0, 5034899.0 ], [ 1730776.1, 5034888.0 ], [ 1730616.8, 5034821.099999999627471 ] ] ] } },
{ "type": "Feature", "properties": { "nomline": "SFMR FASE 2", "progressiv": 894.64 }, "geometry": { "type": "MultiLineString", "coordinates": [ [ [ 1723886.7, 5034048.700000000186265 ], [ 1724128.9, 5033924.700000000186265 ], [ 1724398.2, 5033765.5 ], [ 1724670.2, 5033617.400000000372529 ] ] ] } },
{ "type": "Feature", "properties": { "nomline": "SFMR FASE 1", "progressiv": 735.237 }, "geometry": { "type": "MultiLineString", "coordinates": [ [ [ 1724670.2, 5033617.400000000372529 ], [ 1724859.4, 5033524.799999999813735 ], [ 1725052.1, 5033444.5 ], [ 1725204.0, 5033390.900000000372529 ], [ 1725355.3, 5033358.400000000372529 ] ] ] } },
{ "type": "Feature", "properties": { "nomline": "SFMR FASE 1", "progressiv": 5499.114 }, "geometry": { "type": "MultiLineString", "coordinates": [ [ [ 1725355.3, 5033358.400000000372529 ], [ 1725586.0, 5033316.200000000186265 ], [ 1725830.6, 5033313.599999999627471 ], [ 1726086.5, 5033367.299999999813735 ], [ 1726197.8, 5033398.700000000186265 ], [ 1726431.8, 5033479.900000000372529 ], [ 1726577.3, 5033538.400000000372529 ], [ 1727145.8, 5033727.799999999813735 ], [ 1728177.0, 5034053.400000000372529 ], [ 1728738.7, 5034233.599999999627471 ], [ 1730616.8, 5034821.099999999627471 ] ] ] } },
{ "type": "Feature", "properties": { "nomline": "SFMR FASE 1", "progressiv": 765.775 }, "geometry": { "type": "MultiLineString", "coordinates": [ [ [ 1724651.8, 5034331.200000000186265 ], [ 1724576.7, 5034127.599999999627471 ], [ 1724533.0, 5033981.0 ], [ 1724543.5, 5033867.0 ], [ 1724569.9, 5033786.700000000186265 ], [ 1724670.2, 5033617.400000000372529 ] ] ] } },
{ "type": "Feature", "properties": { "nomline": "SFMR FASE 2", "progressiv": 504.681 }, "geometry": { "type": "MultiLineString", "coordinates": [ [ [ 1722950.8, 5031685.0 ], [ 1722702.9, 5031245.400000000372529 ] ] ] } },
{ "type": "Feature", "properties": { "nomline": "SFMR FASE 2", "progressiv": 3196.719 }, "geometry": { "type": "MultiLineString", "coordinates": [ [ [ 1722950.8, 5031685.0 ], [ 1723188.8, 5032201.099999999627471 ], [ 1723804.9, 5033335.799999999813735 ], [ 1723884.7, 5033450.5 ], [ 1723974.3, 5033535.299999999813735 ], [ 1724081.9, 5033623.700000000186265 ], [ 1724244.6, 5033709.799999999813735 ], [ 1724309.3, 5033757.799999999813735 ], [ 1724355.0, 5033803.299999999813735 ], [ 1724399.8, 5033879.799999999813735 ], [ 1724550.3, 5034138.799999999813735 ], [ 1724651.8, 5034331.200000000186265 ] ] ] } },
{ "type": "Feature", "properties": { "nomline": "SFMR FASE 2", "progressiv": 2616.416 }, "geometry": { "type": "MultiLineString", "coordinates": [ [ [ 1723886.7, 5034048.700000000186265 ], [ 1723950.1, 5033875.299999999813735 ], [ 1723960.8, 5033751.299999999813735 ], [ 1723941.6, 5033655.599999999627471 ], [ 1723875.2, 5033533.299999999813735 ], [ 1723668.8, 5033166.400000000372529 ], [ 1723463.1, 5032775.5 ], [ 1723348.3, 5032561.599999999627471 ], [ 1723162.5, 5032208.400000000372529 ], [ 1723050.0, 5031983.5 ], [ 1722950.8, 5031685.0 ] ] ] } },
{ "type": "Feature", "properties": { "nomline": "SFMR FASE 2", "progressiv": 2802.555 }, "geometry": { "type": "MultiLineString", "coordinates": [ [ [ 1722950.8, 5031685.0 ], [ 1723170.8, 5032098.400000000372529 ], [ 1723388.7, 5032516.799999999813735 ], [ 1723686.1, 5033054.700000000186265 ], [ 1723855.6, 5033351.400000000372529 ], [ 1723951.3, 5033468.5 ], [ 1724094.7, 5033563.0 ], [ 1724288.4, 5033617.900000000372529 ], [ 1724475.7, 5033621.5 ], [ 1724670.2, 5033617.400000000372529 ] ] ] } },
{ "type": "Feature", "properties": { "nomline": "SFMR FASE 3", "progressiv": 3007.783 }, "geometry": { "type": "MultiLineString", "coordinates": [ [ [ 1714297.7, 5039049.900000000372529 ], [ 1714554.9, 5038900.299999999813735 ], [ 1714808.9, 5038748.599999999627471 ], [ 1715011.8, 5038630.5 ], [ 1715327.7, 5038423.599999999627471 ], [ 1715597.1, 5038261.299999999813735 ], [ 1715837.1, 5038108.200000000186265 ], [ 1716062.9, 5037965.700000000186265 ], [ 1716381.8, 5037788.900000000372529 ], [ 1716633.7, 5037676.299999999813735 ], [ 1716898.1, 5037544.900000000372529 ] ] ] } },
{ "type": "Feature", "properties": { "nomline": "SFMR FASE 1", "progressiv": 3912.103 }, "geometry": { "type": "MultiLineString", "coordinates": [ [ [ 1740181.1, 5037933.200000000186265 ], [ 1740891.1, 5038159.5 ], [ 1741511.6, 5038366.0 ], [ 1742093.4, 5038563.799999999813735 ], [ 1742908.1, 5038830.599999999627471 ], [ 1743396.2, 5038986.400000000372529 ], [ 1743899.1, 5039149.900000000372529 ] ] ] } },
{ "type": "Feature", "properties": { "nomline": "SFMR FASE 3", "progressiv": 7820.277 }, "geometry": { "type": "MultiLineString", "coordinates": [ [ [ 1716898.1, 5037544.900000000372529 ], [ 1717156.9, 5037436.5 ], [ 1718173.5, 5036981.099999999627471 ], [ 1719111.9, 5036530.400000000372529 ], [ 1719944.9, 5036151.599999999627471 ], [ 1720741.6, 5035781.799999999813735 ], [ 1721601.0, 5035322.599999999627471 ], [ 1722040.1, 5035083.299999999813735 ], [ 1722625.6, 5034769.299999999813735 ], [ 1723146.6, 5034471.299999999813735 ], [ 1723886.7, 5034048.700000000186265 ] ] ] } },
{ "type": "Feature", "properties": { "nomline": "SFMR FASE 3", "progressiv": 2858.915 }, "geometry": { "type": "MultiLineString", "coordinates": [ [ [ 1711859.0, 5040541.599999999627471 ], [ 1712582.6, 5040105.799999999813735 ], [ 1713001.8, 5039859.700000000186265 ], [ 1714297.7, 5039049.900000000372529 ] ] ] } },
{ "type": "Feature", "properties": { "nomline": "SFMR FASE 4", "progressiv": 1039.104 }, "geometry": { "type": "MultiLineString", "coordinates": [ [ [ 1732838.9, 5082767.400000000372529 ], [ 1732853.7, 5082749.099999999627471 ], [ 1733075.8, 5082473.5 ], [ 1733189.1, 5082321.799999999813735 ], [ 1733300.7, 5082188.0 ], [ 1733356.4, 5082123.200000000186265 ], [ 1733373.0, 5082084.799999999813735 ], [ 1733408.7, 5081970.799999999813735 ], [ 1733425.7, 5081922.400000000372529 ] ] ] } },
{ "type": "Feature", "properties": { "nomline": "SFMR FASE 3", "progressiv": 12088.668 }, "geometry": { "type": "MultiLineString", "coordinates": [ [ [ 1785018.9, 5075621.200000000186265 ], [ 1788863.4, 5075739.200000000186265 ], [ 1789140.1, 5075747.299999999813735 ], [ 1790312.5, 5075780.200000000186265 ], [ 1791202.6, 5075809.0 ], [ 1791922.7, 5075830.099999999627471 ], [ 1792560.0, 5075841.400000000372529 ], [ 1793258.3, 5075857.200000000186265 ], [ 1793725.0, 5075870.900000000372529 ], [ 1794357.9, 5075890.0 ], [ 1795002.0, 5075924.799999999813735 ], [ 1795448.8, 5075935.299999999813735 ], [ 1795718.0, 5075946.599999999627471 ], [ 1795969.1, 5075975.0 ], [ 1796270.2, 5076042.400000000372529 ], [ 1796591.4, 5076145.0 ], [ 1796861.9, 5076256.799999999813735 ], [ 1797040.2, 5076331.200000000186265 ] ] ] } },
{ "type": "Feature", "properties": { "nomline": "SFMR FASE 3", "progressiv": 4636.72 }, "geometry": { "type": "MultiLineString", "coordinates": [ [ [ 1698491.5, 5056694.0 ], [ 1699315.0, 5055655.799999999813735 ], [ 1699838.5, 5055030.5 ], [ 1700166.1, 5054632.400000000372529 ], [ 1700255.0, 5054521.599999999627471 ], [ 1700334.4, 5054431.5 ], [ 1700390.7, 5054344.799999999813735 ], [ 1700421.7, 5054269.5 ], [ 1700453.4, 5054123.200000000186265 ], [ 1700472.6, 5053999.5 ], [ 1700471.5, 5053731.200000000186265 ], [ 1700475.5, 5053181.599999999627471 ], [ 1700472.8, 5052859.200000000186265 ], [ 1700476.0, 5052740.900000000372529 ] ] ] } },
{ "type": "Feature", "properties": { "nomline": "SFMR FASE 3", "progressiv": 2984.618 }, "geometry": { "type": "MultiLineString", "coordinates": [ [ [ 1696690.6, 5059072.700000000186265 ], [ 1696854.9, 5058872.700000000186265 ], [ 1697013.2, 5058671.5 ], [ 1697192.3, 5058441.799999999813735 ], [ 1697313.4, 5058288.700000000186265 ], [ 1697454.9, 5058116.099999999627471 ], [ 1697564.7, 5057974.799999999813735 ], [ 1697721.6, 5057750.5 ], [ 1697885.3, 5057534.5 ], [ 1698043.0, 5057320.299999999813735 ], [ 1698197.9, 5057094.0 ], [ 1698491.5, 5056694.0 ] ] ] } },
{ "type": "Feature", "properties": { "nomline": "SFMR FASE 3", "progressiv": 6054.451 }, "geometry": { "type": "MultiLineString", "coordinates": [ [ [ 1692828.4, 5063721.400000000372529 ], [ 1692995.7, 5063559.5 ], [ 1693148.2, 5063389.200000000186265 ], [ 1693364.2, 5063165.400000000372529 ], [ 1693521.6, 5063001.299999999813735 ], [ 1693673.6, 5062851.0 ], [ 1693698.8, 5062805.599999999627471 ], [ 1693841.3, 5062673.099999999627471 ], [ 1693974.9, 5062538.299999999813735 ], [ 1694098.5, 5062406.299999999813735 ], [ 1694230.8, 5062240.5 ], [ 1694454.3, 5061959.900000000372529 ], [ 1694697.9, 5061632.799999999813735 ], [ 1695099.3, 5061126.400000000372529 ], [ 1695427.9, 5060687.299999999813735 ], [ 1695811.5, 5060211.599999999627471 ], [ 1696020.8, 5059937.599999999627471 ], [ 1696334.4, 5059533.200000000186265 ], [ 1696490.4, 5059345.900000000372529 ], [ 1696611.5, 5059192.799999999813735 ], [ 1696690.6, 5059072.700000000186265 ] ] ] } },
{ "type": "Feature", "properties": { "nomline": "SFMR FASE 3", "progressiv": 4168.35 }, "geometry": { "type": "MultiLineString", "coordinates": [ [ [ 1688771.2, 5064367.5 ], [ 1690070.1, 5064233.5 ], [ 1690521.8, 5064189.0 ], [ 1691164.2, 5064122.299999999813735 ], [ 1691760.5, 5064059.5 ], [ 1692214.1, 5064016.0 ], [ 1692369.7, 5064001.0 ], [ 1692487.4, 5063980.0 ], [ 1692568.5, 5063938.0 ], [ 1692659.1, 5063883.200000000186265 ], [ 1692718.4, 5063833.700000000186265 ], [ 1692828.4, 5063721.400000000372529 ] ] ] } },
{ "type": "Feature", "properties": { "nomline": "SFMR FASE 3", "progressiv": 5314.271 }, "geometry": { "type": "MultiLineString", "coordinates": [ [ [ 1683514.6, 5064621.400000000372529 ], [ 1683764.5, 5064560.700000000186265 ], [ 1683851.2, 5064537.900000000372529 ], [ 1683927.2, 5064540.900000000372529 ], [ 1684109.0, 5064593.599999999627471 ], [ 1684305.9, 5064646.700000000186265 ], [ 1684538.9, 5064696.700000000186265 ], [ 1684631.4, 5064720.099999999627471 ], [ 1684872.0, 5064748.299999999813735 ], [ 1685121.0, 5064758.599999999627471 ], [ 1685345.3, 5064758.400000000372529 ], [ 1685535.7, 5064749.200000000186265 ], [ 1685871.1, 5064710.700000000186265 ], [ 1686213.5, 5064670.5 ], [ 1686871.2, 5064594.200000000186265 ], [ 1687610.2, 5064512.0 ], [ 1688098.4, 5064448.400000000372529 ], [ 1688532.1, 5064401.400000000372529 ], [ 1688771.2, 5064367.5 ] ] ] } },
{ "type": "Feature", "properties": { "nomline": "SFMR FASE 4", "progressiv": 4222.83 }, "geometry": { "type": "MultiLineString", "coordinates": [ [ [ 1711732.3, 5075358.900000000372529 ], [ 1711747.8, 5075151.299999999813735 ], [ 1711780.7, 5074949.599999999627471 ], [ 1711808.0, 5074795.900000000372529 ], [ 1711832.0, 5074728.099999999627471 ], [ 1711869.2, 5074644.599999999627471 ], [ 1711924.1, 5074578.400000000372529 ], [ 1712043.2, 5074494.200000000186265 ], [ 1712189.5, 5074402.400000000372529 ], [ 1712348.9, 5074297.700000000186265 ], [ 1712552.7, 5074164.799999999813735 ], [ 1712666.6, 5074093.5 ], [ 1712732.2, 5074049.5 ], [ 1712810.2, 5073977.599999999627471 ], [ 1712892.4, 5073889.799999999813735 ], [ 1712969.7, 5073797.900000000372529 ], [ 1713069.5, 5073671.299999999813735 ], [ 1713154.4, 5073535.5 ], [ 1713207.9, 5073429.200000000186265 ], [ 1713261.3, 5073268.900000000372529 ], [ 1713282.7, 5073171.099999999627471 ], [ 1713289.7, 5073031.0 ], [ 1713284.2, 5072933.799999999813735 ], [ 1713261.9, 5072752.299999999813735 ], [ 1713216.9, 5072478.299999999813735 ], [ 1713181.7, 5072223.400000000372529 ], [ 1713180.8, 5071951.099999999627471 ], [ 1713201.0, 5071797.200000000186265 ] ] ] } },
{ "type": "Feature", "properties": { "nomline": "SFMR FASE 3", "progressiv": 924.532 }, "geometry": { "type": "MultiLineString", "coordinates": [ [ [ 1713201.0, 5071797.200000000186265 ], [ 1713250.5, 5071491.700000000186265 ], [ 1713280.5, 5071283.900000000372529 ], [ 1713300.5, 5071215.099999999627471 ], [ 1713322.2, 5071165.400000000372529 ], [ 1713376.2, 5071097.200000000186265 ], [ 1713486.4, 5070939.700000000186265 ] ] ] } },
{ "type": "Feature", "properties": { "nomline": "SFMR FASE 3", "progressiv": 4921.341 }, "geometry": { "type": "MultiLineString", "coordinates": [ [ [ 1713486.4, 5070939.700000000186265 ], [ 1713910.8, 5070275.599999999627471 ], [ 1714167.9, 5069851.099999999627471 ], [ 1714423.8, 5069434.700000000186265 ], [ 1714702.3, 5068978.5 ], [ 1715044.0, 5068435.200000000186265 ], [ 1715385.1, 5067861.900000000372529 ], [ 1715687.0, 5067378.099999999627471 ], [ 1715822.4, 5067139.900000000372529 ], [ 1716056.1, 5066743.099999999627471 ] ] ] } },
{ "type": "Feature", "properties": { "nomline": "SFMR FASE 3", "progressiv": 4921.56 }, "geometry": { "type": "MultiLineString", "coordinates": [ [ [ 1713486.4, 5070939.700000000186265 ], [ 1714032.5, 5070632.900000000372529 ], [ 1714458.4, 5070408.299999999813735 ], [ 1714731.1, 5070277.400000000372529 ], [ 1714859.9, 5070212.400000000372529 ], [ 1715005.0, 5070132.599999999627471 ], [ 1715113.2, 5070041.200000000186265 ], [ 1715408.7, 5069789.5 ], [ 1715680.5, 5069580.5 ], [ 1716027.6, 5069285.599999999627471 ], [ 1716369.5, 5068997.599999999627471 ], [ 1716664.0, 5068746.0 ], [ 1717111.0, 5068449.599999999627471 ], [ 1717514.1, 5068149.599999999627471 ] ] ] } },
{ "type": "Feature", "properties": { "nomline": "SFMR FASE 3", "progressiv": 2385.944 }, "geometry": { "type": "MultiLineString", "coordinates": [ [ [ 1717514.1, 5068149.599999999627471 ], [ 1718697.5, 5067305.099999999627471 ], [ 1719313.4, 5066868.299999999813735 ], [ 1719454.0, 5066760.700000000186265 ] ] ] } },
{ "type": "Feature", "properties": { "nomline": "SFMR FASE 3", "progressiv": 2146.932 }, "geometry": { "type": "MultiLineString", "coordinates": [ [ [ 1716056.1, 5066743.099999999627471 ], [ 1716239.6, 5066425.700000000186265 ], [ 1716351.4, 5066229.200000000186265 ], [ 1716423.3, 5066095.200000000186265 ], [ 1716496.6, 5065935.099999999627471 ], [ 1716553.4, 5065806.900000000372529 ], [ 1716588.5, 5065667.299999999813735 ], [ 1716649.3, 5065405.900000000372529 ], [ 1716733.9, 5065019.799999999813735 ], [ 1716795.8, 5064748.5 ] ] ] } },
{ "type": "Feature", "properties": { "nomline": "SFMR FASE 3", "progressiv": 2234.129 }, "geometry": { "type": "MultiLineString", "coordinates": [ [ [ 1716795.8, 5064748.5 ], [ 1717066.5, 5063669.5 ], [ 1717185.8, 5063170.799999999813735 ], [ 1717264.5, 5062845.599999999627471 ], [ 1717331.2, 5062579.5 ] ] ] } },
{ "type": "Feature", "properties": { "nomline": "SFMR FASE 4", "progressiv": 961.765 }, "geometry": { "type": "MultiLineString", "coordinates": [ [ [ 1728444.3, 5087505.799999999813735 ], [ 1728443.3, 5087505.700000000186265 ], [ 1728449.7, 5087448.799999999813735 ], [ 1728452.4, 5087300.5 ], [ 1728469.4, 5087074.400000000372529 ], [ 1728489.8, 5086827.200000000186265 ], [ 1728482.7, 5086719.900000000372529 ], [ 1728505.9, 5086548.599999999627471 ] ] ] } },
{ "type": "Feature", "properties": { "nomline": "SFMR FASE 3", "progressiv": 2753.987 }, "geometry": { "type": "MultiLineString", "coordinates": [ [ [ 1705874.1, 5043992.599999999627471 ], [ 1706495.6, 5043641.599999999627471 ], [ 1707200.0, 5043243.0 ], [ 1707648.8, 5042982.200000000186265 ], [ 1708115.5, 5042729.799999999813735 ], [ 1708269.5, 5042634.299999999813735 ] ] ] } },
{ "type": "Feature", "properties": { "nomline": "SFMR FASE 2", "progressiv": 1577.534 }, "geometry": { "type": "MultiLineString", "coordinates": [ [ [ 1698390.9, 5046234.700000000186265 ], [ 1698657.9, 5046249.200000000186265 ], [ 1699054.8, 5046278.900000000372529 ], [ 1699397.1, 5046285.599999999627471 ], [ 1699605.6, 5046325.099999999627471 ], [ 1699743.3, 5046353.5 ], [ 1699952.5, 5046411.0 ] ] ] } },
{ "type": "Feature", "properties": { "nomline": "SFMR FASE 3", "progressiv": 6480.117 }, "geometry": { "type": "MultiLineString", "coordinates": [ [ [ 1699952.5, 5046411.0 ], [ 1700077.5, 5046422.099999999627471 ], [ 1700237.3, 5046440.799999999813735 ], [ 1700353.6, 5046428.700000000186265 ], [ 1700471.2, 5046401.700000000186265 ], [ 1700760.9, 5046319.400000000372529 ], [ 1701114.9, 5046218.299999999813735 ], [ 1701484.1, 5046111.299999999813735 ], [ 1701852.1, 5046017.400000000372529 ], [ 1702583.5, 5045800.400000000372529 ], [ 1702733.3, 5045761.900000000372529 ], [ 1702888.8, 5045681.400000000372529 ], [ 1704208.8, 5044920.700000000186265 ], [ 1705874.1, 5043992.599999999627471 ] ] ] } },
{ "type": "Feature", "properties": { "nomline": "SFMR FASE 2", "progressiv": 1525.247 }, "geometry": { "type": "MultiLineString", "coordinates": [ [ [ 1699952.5, 5046411.0 ], [ 1700144.5, 5046543.400000000372529 ], [ 1700232.3, 5046621.900000000372529 ], [ 1700309.8, 5046777.400000000372529 ], [ 1700384.4, 5046981.799999999813735 ], [ 1700400.7, 5047145.299999999813735 ], [ 1700403.4, 5047763.900000000372529 ] ] ] } },
{ "type": "Feature", "properties": { "nomline": "SFMR FASE 2", "progressiv": 4399.601 }, "geometry": { "type": "MultiLineString", "coordinates": [ [ [ 1700403.4, 5047763.900000000372529 ], [ 1700454.7, 5047924.0 ], [ 1700545.9, 5048098.700000000186265 ], [ 1700759.0, 5048285.400000000372529 ], [ 1702164.9, 5049337.0 ], [ 1703048.0, 5049983.5 ], [ 1703355.0, 5050237.900000000372529 ], [ 1703542.0, 5050430.200000000186265 ], [ 1703720.7, 5050581.299999999813735 ] ] ] } },
{ "type": "Feature", "properties": { "nomline": "SFMR FASE 3", "progressiv": 304.901 }, "geometry": { "type": "MultiLineString", "coordinates": [ [ [ 1700476.0, 5052740.900000000372529 ], [ 1700475.3, 5052436.0 ] ] ] } },
{ "type": "Feature", "properties": { "nomline": "SFMR FASE 3", "progressiv": 4673.045 }, "geometry": { "type": "MultiLineString", "coordinates": [ [ [ 1700475.3, 5052436.0 ], [ 1700472.3, 5050280.700000000186265 ], [ 1700403.4, 5047763.900000000372529 ] ] ] } },
{ "type": "Feature", "properties": { "nomline": "SFMR FASE 4", "progressiv": 2784.018 }, "geometry": { "type": "MultiLineString", "coordinates": [ [ [ 1706977.9, 5081391.700000000186265 ], [ 1707086.6, 5081219.099999999627471 ], [ 1707153.3, 5081124.0 ], [ 1707192.7, 5081074.700000000186265 ], [ 1707218.0, 5081026.799999999813735 ], [ 1707272.5, 5080911.0 ], [ 1707320.5, 5080829.099999999627471 ], [ 1707347.1, 5080775.200000000186265 ], [ 1707378.7, 5080742.599999999627471 ], [ 1707419.2, 5080691.299999999813735 ], [ 1707448.1, 5080651.599999999627471 ], [ 1707478.4, 5080604.900000000372529 ], [ 1707509.1, 5080569.200000000186265 ], [ 1707532.9, 5080553.299999999813735 ], [ 1707564.0, 5080531.700000000186265 ], [ 1707590.5, 5080521.900000000372529 ], [ 1707648.5, 5080482.599999999627471 ], [ 1707704.2, 5080428.0 ], [ 1707751.8, 5080375.099999999627471 ], [ 1707775.3, 5080345.099999999627471 ], [ 1707822.9, 5080313.299999999813735 ], [ 1707855.5, 5080301.799999999813735 ], [ 1707962.8, 5080216.599999999627471 ], [ 1708007.2, 5080187.599999999627471 ], [ 1708029.9, 5080175.599999999627471 ], [ 1708087.2, 5080149.200000000186265 ], [ 1708150.1, 5080113.099999999627471 ], [ 1708229.3, 5080090.700000000186265 ], [ 1708323.1, 5080058.099999999627471 ], [ 1708384.1, 5080039.900000000372529 ], [ 1708437.4, 5080014.299999999813735 ], [ 1708503.2, 5079981.299999999813735 ], [ 1708564.5, 5079955.099999999627471 ], [ 1708655.4, 5079899.200000000186265 ], [ 1708794.0, 5079808.5 ], [ 1708917.6, 5079737.099999999627471 ], [ 1709024.6, 5079637.799999999813735 ] ] ] } },
{ "type": "Feature", "properties": { "nomline": "SFMR FASE 4", "progressiv": 3528.637 }, "geometry": { "type": "MultiLineString", "coordinates": [ [ [ 1709024.6, 5079637.799999999813735 ], [ 1709148.3, 5079500.299999999813735 ], [ 1709210.3, 5079440.0 ], [ 1709313.8, 5079327.599999999627471 ], [ 1709409.8, 5079226.799999999813735 ], [ 1709470.1, 5079158.5 ], [ 1709514.4, 5079111.400000000372529 ], [ 1709537.2, 5079075.400000000372529 ], [ 1709611.5, 5079028.799999999813735 ], [ 1709712.8, 5078986.400000000372529 ], [ 1709771.2, 5078959.099999999627471 ], [ 1709809.8, 5078927.799999999813735 ], [ 1709860.4, 5078875.0 ], [ 1709913.1, 5078798.299999999813735 ], [ 1710026.5, 5078625.200000000186265 ], [ 1710096.6, 5078519.200000000186265 ], [ 1710142.5, 5078461.200000000186265 ], [ 1710216.3, 5078382.400000000372529 ], [ 1710330.1, 5078287.5 ], [ 1710403.9, 5078209.799999999813735 ], [ 1710473.7, 5078152.900000000372529 ], [ 1710529.1, 5078104.400000000372529 ], [ 1710572.2, 5078041.200000000186265 ], [ 1710737.5, 5077850.5 ], [ 1710823.0, 5077759.299999999813735 ], [ 1710866.1, 5077718.200000000186265 ], [ 1710911.4, 5077691.200000000186265 ], [ 1710975.2, 5077657.099999999627471 ], [ 1711067.6, 5077611.299999999813735 ], [ 1711157.1, 5077562.400000000372529 ], [ 1711218.8, 5077529.200000000186265 ], [ 1711273.2, 5077481.599999999627471 ], [ 1711336.0, 5077403.400000000372529 ], [ 1711377.4, 5077332.099999999627471 ], [ 1711408.4, 5077270.400000000372529 ], [ 1711458.4, 5077165.5 ] ] ] } },
{ "type": "Feature", "properties": { "nomline": "SFMR FASE 4", "progressiv": 1465.589 }, "geometry": { "type": "MultiLineString", "coordinates": [ [ [ 1711458.4, 5077165.5 ], [ 1711501.4, 5077018.099999999627471 ], [ 1711514.2, 5076960.599999999627471 ], [ 1711512.7, 5076885.299999999813735 ], [ 1711503.2, 5076830.700000000186265 ], [ 1711469.6, 5076777.0 ], [ 1711431.1, 5076700.0 ], [ 1711399.9, 5076618.400000000372529 ], [ 1711291.5, 5076301.5 ], [ 1711274.2, 5076178.400000000372529 ], [ 1711264.3, 5076089.700000000186265 ], [ 1711269.9, 5076034.799999999813735 ], [ 1711291.5, 5075958.599999999627471 ], [ 1711340.1, 5075863.700000000186265 ], [ 1711399.7, 5075788.299999999813735 ] ] ] } },
{ "type": "Feature", "properties": { "nomline": "SFMR FASE 4", "progressiv": 543.302 }, "geometry": { "type": "MultiLineString", "coordinates": [ [ [ 1711399.7, 5075788.299999999813735 ], [ 1711537.0, 5075619.299999999813735 ], [ 1711593.9, 5075538.700000000186265 ], [ 1711732.3, 5075358.900000000372529 ] ] ] } },
{ "type": "Feature", "properties": { "nomline": "SFMR FASE 1", "progressiv": 3902.825 }, "geometry": { "type": "MultiLineString", "coordinates": [ [ [ 1743899.1, 5039149.900000000372529 ], [ 1744698.9, 5039439.099999999627471 ], [ 1745379.1, 5039685.200000000186265 ], [ 1746202.3, 5039964.400000000372529 ], [ 1746854.9, 5040196.299999999813735 ], [ 1747579.884346555918455, 5040447.150932018645108 ] ] ] } },
{ "type": "Feature", "properties": { "nomline": "SFMR FASE 4", "progressiv": 1818.422 }, "geometry": { "type": "MultiLineString", "coordinates": [ [ [ 1707838.1, 5094833.299999999813735 ], [ 1707928.8, 5094741.700000000186265 ], [ 1707955.8, 5094679.799999999813735 ], [ 1708005.6, 5094600.0 ], [ 1708053.2, 5094548.099999999627471 ], [ 1708112.9, 5094492.700000000186265 ], [ 1708169.8, 5094455.299999999813735 ], [ 1708249.9, 5094414.900000000372529 ], [ 1708363.5, 5094345.099999999627471 ], [ 1708448.5, 5094284.900000000372529 ], [ 1708556.6, 5094202.799999999813735 ], [ 1708652.5, 5094125.099999999627471 ], [ 1708731.3, 5094068.599999999627471 ], [ 1708797.4, 5094007.5 ], [ 1708858.7, 5093961.299999999813735 ], [ 1708912.9, 5093917.700000000186265 ], [ 1708970.4, 5093887.299999999813735 ], [ 1709053.3, 5093851.099999999627471 ], [ 1709145.2, 5093816.299999999813735 ], [ 1709276.8, 5093788.400000000372529 ] ] ] } },
{ "type": "Feature", "properties": { "nomline": "SFMR FASE 4", "progressiv": 6225.074 }, "geometry": { "type": "MultiLineString", "coordinates": [ [ [ 1709276.8, 5093788.400000000372529 ], [ 1709545.6, 5093700.799999999813735 ], [ 1709640.2, 5093672.099999999627471 ], [ 1709682.0, 5093657.099999999627471 ], [ 1709737.7, 5093624.599999999627471 ], [ 1709773.6, 5093586.200000000186265 ], [ 1709806.7, 5093542.599999999627471 ], [ 1709840.0, 5093495.0 ], [ 1709856.0, 5093453.700000000186265 ], [ 1709879.8, 5093309.400000000372529 ], [ 1709914.4, 5093212.799999999813735 ], [ 1709980.4, 5093088.599999999627471 ], [ 1710141.4, 5092861.599999999627471 ], [ 1710220.0, 5092768.0 ], [ 1710333.1, 5092687.099999999627471 ], [ 1710422.6, 5092638.099999999627471 ], [ 1710515.6, 5092599.400000000372529 ], [ 1710601.3, 5092610.400000000372529 ], [ 1710697.9, 5092603.900000000372529 ], [ 1710772.7, 5092589.400000000372529 ], [ 1710988.2, 5092420.099999999627471 ], [ 1711117.7, 5092287.799999999813735 ], [ 1711183.2, 5092153.5 ], [ 1711259.9, 5091928.5 ], [ 1711287.7, 5091784.5 ], [ 1711348.9, 5091570.799999999813735 ], [ 1711355.2, 5091478.900000000372529 ], [ 1711342.0, 5091419.099999999627471 ], [ 1711321.5, 5091085.299999999813735 ], [ 1711308.5, 5090829.0 ], [ 1711309.6, 5090635.599999999627471 ], [ 1711321.5, 5090530.900000000372529 ], [ 1711346.9, 5090458.900000000372529 ], [ 1711396.0, 5090375.0 ], [ 1711484.5, 5090283.900000000372529 ], [ 1711539.9, 5090214.299999999813735 ], [ 1711582.4, 5090120.099999999627471 ], [ 1711634.3, 5089954.099999999627471 ], [ 1711668.2, 5089808.299999999813735 ], [ 1711633.6, 5089669.299999999813735 ], [ 1711560.8, 5089340.099999999627471 ], [ 1711571.7, 5089278.400000000372529 ], [ 1711624.8, 5088980.200000000186265 ], [ 1711666.7, 5088771.599999999627471 ] ] ] } },
{ "type": "Feature", "properties": { "nomline": "SFMR FASE 4", "progressiv": 4260.425 }, "geometry": { "type": "MultiLineString", "coordinates": [ [ [ 1708874.3, 5086236.5 ], [ 1709030.1, 5086378.099999999627471 ], [ 1709106.1, 5086423.799999999813735 ], [ 1709172.1, 5086450.0 ], [ 1709331.6, 5086490.5 ], [ 1709410.5, 5086497.200000000186265 ], [ 1709455.4, 5086500.400000000372529 ], [ 1709563.3, 5086550.5 ], [ 1709646.2, 5086601.5 ], [ 1709738.7, 5086637.0 ], [ 1709873.6, 5086689.400000000372529 ], [ 1709976.9, 5086710.299999999813735 ], [ 1710080.4, 5086749.200000000186265 ], [ 1710173.4, 5086774.700000000186265 ], [ 1710239.0, 5086787.799999999813735 ], [ 1710340.5, 5086803.5 ], [ 1710445.6, 5086827.5 ], [ 1710528.0, 5086866.5 ], [ 1710607.5, 5086924.400000000372529 ], [ 1710637.2, 5086953.799999999813735 ], [ 1710671.1, 5086978.5 ], [ 1710700.3, 5086996.900000000372529 ], [ 1710770.7, 5087013.200000000186265 ], [ 1710885.9, 5087036.700000000186265 ], [ 1710961.0, 5087061.200000000186265 ], [ 1711033.9, 5087109.799999999813735 ], [ 1711102.2, 5087193.200000000186265 ], [ 1711120.5, 5087209.099999999627471 ], [ 1711185.0, 5087265.200000000186265 ], [ 1711238.8, 5087335.900000000372529 ], [ 1711256.6, 5087383.900000000372529 ], [ 1711270.9, 5087484.799999999813735 ], [ 1711275.1, 5087567.200000000186265 ], [ 1711297.9, 5087615.400000000372529 ], [ 1711381.4, 5087758.700000000186265 ], [ 1711459.2, 5087853.599999999627471 ], [ 1711500.9, 5087904.599999999627471 ], [ 1711557.0, 5087968.400000000372529 ], [ 1711616.0, 5088036.400000000372529 ], [ 1711642.6, 5088067.700000000186265 ], [ 1711654.2, 5088097.299999999813735 ], [ 1711678.4, 5088179.700000000186265 ], [ 1711701.1, 5088273.0 ], [ 1711704.9, 5088320.299999999813735 ], [ 1711720.8, 5088366.099999999627471 ], [ 1711726.0, 5088491.700000000186265 ], [ 1711708.2, 5088592.099999999627471 ], [ 1711666.7, 5088771.599999999627471 ] ] ] } },
{ "type": "Feature", "properties": { "nomline": "SFMR FASE 4", "progressiv": 4189.505 }, "geometry": { "type": "MultiLineString", "coordinates": [ [ [ 1706932.7, 5082739.5 ], [ 1707253.0, 5083122.700000000186265 ], [ 1707388.8, 5083218.299999999813735 ], [ 1707458.3, 5083275.700000000186265 ], [ 1707536.7, 5083313.5 ], [ 1707593.2, 5083328.200000000186265 ], [ 1707644.6, 5083342.599999999627471 ], [ 1707704.3, 5083395.5 ], [ 1707750.2, 5083464.900000000372529 ], [ 1707841.2, 5083640.599999999627471 ], [ 1707936.3, 5083856.599999999627471 ], [ 1707960.1, 5083947.900000000372529 ], [ 1707996.1, 5084078.900000000372529 ], [ 1708008.2, 5084205.799999999813735 ], [ 1708023.1, 5084271.700000000186265 ], [ 1708084.4, 5084396.900000000372529 ], [ 1708190.9, 5084563.299999999813735 ], [ 1708282.3, 5084686.900000000372529 ], [ 1708442.6, 5084925.0 ], [ 1708553.9, 5085094.599999999627471 ], [ 1708660.5, 5085237.0 ], [ 1708717.3, 5085331.799999999813735 ], [ 1708775.4, 5085438.799999999813735 ], [ 1708824.0, 5085557.400000000372529 ], [ 1708843.6, 5085651.599999999627471 ], [ 1708855.0, 5085771.400000000372529 ], [ 1708860.3, 5085872.900000000372529 ], [ 1708844.3, 5085978.400000000372529 ], [ 1708829.0, 5086069.900000000372529 ], [ 1708826.5, 5086124.0 ], [ 1708874.3, 5086236.5 ] ] ] } },
{ "type": "Feature", "properties": { "nomline": "SFMR FASE 4", "progressiv": 4996.681 }, "geometry": { "type": "MultiLineString", "coordinates": [ [ [ 1755023.3, 5131427.200000000186265 ], [ 1755015.1, 5131425.0 ], [ 1754991.4, 5131514.5 ], [ 1754951.3, 5131624.099999999627471 ], [ 1754929.3, 5131675.200000000186265 ], [ 1754929.3, 5131777.5 ], [ 1754944.0, 5131817.700000000186265 ], [ 1754951.3, 5131927.299999999813735 ], [ 1754951.3, 5132011.299999999813735 ], [ 1754944.0, 5132102.599999999627471 ], [ 1754947.6, 5132172.0 ], [ 1754958.6, 5132230.5 ], [ 1754980.5, 5132259.700000000186265 ], [ 1755104.7, 5132431.400000000372529 ], [ 1755159.5, 5132508.099999999627471 ], [ 1755210.6, 5132559.200000000186265 ], [ 1755254.5, 5132639.599999999627471 ], [ 1755269.1, 5132672.5 ], [ 1755312.9, 5132741.900000000372529 ], [ 1755354.9, 5132803.900000000372529 ], [ 1755382.5, 5132828.099999999627471 ], [ 1755437.7, 5132883.299999999813735 ], [ 1755527.5, 5132962.700000000186265 ], [ 1755572.3, 5133011.0 ], [ 1755637.9, 5133059.299999999813735 ], [ 1755710.4, 5133107.700000000186265 ], [ 1755758.7, 5133149.099999999627471 ], [ 1755807.1, 5133173.299999999813735 ], [ 1755841.6, 5133207.799999999813735 ], [ 1755879.6, 5133269.900000000372529 ], [ 1755952.0, 5133380.400000000372529 ], [ 1755969.3, 5133425.200000000186265 ], [ 1755990.0, 5133459.799999999813735 ], [ 1756000.4, 5133525.299999999813735 ], [ 1755996.9, 5133549.5 ], [ 1755986.6, 5133597.799999999813735 ], [ 1755976.2, 5133642.700000000186265 ], [ 1755983.1, 5133691.0 ], [ 1755962.4, 5133746.299999999813735 ], [ 1755948.6, 5133818.700000000186265 ], [ 1755945.1, 5133867.099999999627471 ], [ 1755931.3, 5133922.299999999813735 ], [ 1755917.5, 5133974.099999999627471 ], [ 1755889.9, 5134032.799999999813735 ], [ 1755872.6, 5134129.400000000372529 ], [ 1755841.6, 5134219.099999999627471 ], [ 1755807.1, 5134270.900000000372529 ], [ 1755772.5, 5134326.200000000186265 ], [ 1755731.1, 5134357.200000000186265 ], [ 1755696.6, 5134384.799999999813735 ], [ 1755620.7, 5134440.099999999627471 ], [ 1755558.5, 5134484.900000000372529 ], [ 1755434.3, 5134554.0 ], [ 1755365.2, 5134605.799999999813735 ], [ 1755323.8, 5134633.400000000372529 ], [ 1755292.7, 5134671.299999999813735 ], [ 1755268.6, 5134730.0 ], [ 1755247.9, 5134833.599999999627471 ], [ 1755261.7, 5134899.200000000186265 ], [ 1755289.3, 5134992.400000000372529 ], [ 1755306.6, 5135047.599999999627471 ], [ 1755316.9, 5135071.700000000186265 ], [ 1755320.4, 5135116.599999999627471 ], [ 1755320.4, 5135154.599999999627471 ], [ 1755316.9, 5135202.900000000372529 ], [ 1755310.0, 5135265.0 ], [ 1755303.1, 5135327.200000000186265 ], [ 1755313.5, 5135382.400000000372529 ], [ 1755330.7, 5135437.599999999627471 ], [ 1755348.0, 5135479.099999999627471 ], [ 1755379.0, 5135534.299999999813735 ], [ 1755430.8, 5135606.799999999813735 ], [ 1755459.9, 5135639.900000000372529 ] ] ] } },
{ "type": "Feature", "properties": { "nomline": "SFMR FASE 3", "progressiv": 1877.675 }, "geometry": { "type": "MultiLineString", "coordinates": [ [ [ 1743345.8, 5032010.0 ], [ 1742901.0, 5031317.900000000372529 ], [ 1742549.7, 5030743.299999999813735 ], [ 1742517.7, 5030664.099999999627471 ], [ 1742502.2, 5030598.5 ], [ 1742492.2, 5030498.200000000186265 ], [ 1742488.3, 5030460.400000000372529 ], [ 1742473.3, 5030371.799999999813735 ] ] ] } },
{ "type": "Feature", "properties": { "nomline": "SFMR FASE 3", "progressiv": 2370.306 }, "geometry": { "type": "MultiLineString", "coordinates": [ [ [ 1742166.1, 5027307.400000000372529 ], [ 1742155.0, 5027194.700000000186265 ], [ 1742140.1, 5027038.200000000186265 ], [ 1742104.6, 5026869.900000000372529 ], [ 1742019.3, 5026642.599999999627471 ], [ 1741767.6, 5025957.0 ], [ 1741533.7, 5025303.200000000186265 ], [ 1741473.8, 5025148.299999999813735 ], [ 1741443.3, 5025059.099999999627471 ] ] ] } },
{ "type": "Feature", "properties": { "nomline": "SFMR FASE 4", "progressiv": 7052.0 }, "geometry": { "type": "MultiLineString", "coordinates": [ [ [ 1730557.3, 5102803.599999999627471 ], [ 1730556.1, 5102804.299999999813735 ], [ 1730524.1, 5102751.599999999627471 ], [ 1730500.8, 5102686.5 ], [ 1730452.0, 5102577.200000000186265 ], [ 1730410.1, 5102498.200000000186265 ], [ 1730368.3, 5102440.099999999627471 ], [ 1730291.6, 5102349.400000000372529 ], [ 1730159.1, 5102191.400000000372529 ], [ 1730107.9, 5102121.599999999627471 ], [ 1730066.1, 5102040.200000000186265 ], [ 1730033.6, 5101956.599999999627471 ], [ 1730017.3, 5101896.099999999627471 ], [ 1729982.4, 5101821.700000000186265 ], [ 1729935.9, 5101717.099999999627471 ], [ 1729903.4, 5101656.700000000186265 ], [ 1729887.1, 5101617.200000000186265 ], [ 1729882.5, 5101584.599999999627471 ], [ 1729856.9, 5101401.0 ], [ 1729847.6, 5101310.299999999813735 ], [ 1729810.4, 5101198.700000000186265 ], [ 1729803.4, 5101170.799999999813735 ], [ 1729749.8, 5101090.599999999627471 ], [ 1729664.5, 5100979.700000000186265 ], [ 1729570.7, 5100920.099999999627471 ], [ 1729430.0, 5100864.599999999627471 ], [ 1729208.3, 5100787.900000000372529 ], [ 1729110.3, 5100766.599999999627471 ], [ 1729033.5, 5100753.799999999813735 ], [ 1728956.8, 5100749.5 ], [ 1728820.4, 5100668.5 ], [ 1728679.7, 5100566.200000000186265 ], [ 1728590.2, 5100519.299999999813735 ], [ 1728496.4, 5100442.599999999627471 ], [ 1728355.7, 5100306.200000000186265 ], [ 1728257.6, 5100208.099999999627471 ], [ 1728159.6, 5100041.900000000372529 ], [ 1728044.5, 5099896.900000000372529 ], [ 1727929.4, 5099743.400000000372529 ], [ 1727848.4, 5099658.200000000186265 ], [ 1727686.4, 5099547.299999999813735 ], [ 1727494.5, 5099410.900000000372529 ], [ 1727405.0, 5099364.0 ], [ 1727332.5, 5099359.799999999813735 ], [ 1726901.9, 5099359.799999999813735 ], [ 1726808.1, 5099359.799999999813735 ], [ 1726722.9, 5099368.299999999813735 ], [ 1726684.5, 5099368.299999999813735 ], [ 1726616.3, 5099372.5 ], [ 1726552.4, 5099389.599999999627471 ], [ 1726462.8, 5099436.5 ], [ 1726369.0, 5099526.0 ], [ 1726317.9, 5099602.799999999813735 ], [ 1726228.3, 5099662.400000000372529 ], [ 1726151.6, 5099683.799999999813735 ], [ 1726045.0, 5099671.0 ], [ 1725981.1, 5099662.400000000372529 ], [ 1725947.0, 5099658.200000000186265 ], [ 1725857.4, 5099675.200000000186265 ], [ 1725682.7, 5099692.299999999813735 ], [ 1725597.4, 5099696.5 ], [ 1725529.2, 5099671.0 ], [ 1725443.9, 5099636.900000000372529 ], [ 1725413.3, 5099624.700000000186265 ] ] ] } },
{ "type": "Feature", "properties": { "nomline": "SFMR FASE 3", "progressiv": 31999.827 }, "geometry": { "type": "MultiLineString", "coordinates": [ [ [ 1759552.7, 5063735.799999999813735 ], [ 1760123.0, 5063906.599999999627471 ], [ 1760495.7, 5064017.099999999627471 ], [ 1761063.7, 5064191.0 ], [ 1761627.7, 5064365.799999999813735 ], [ 1762212.4, 5064554.099999999627471 ], [ 1762629.3, 5064675.799999999813735 ], [ 1762879.9, 5064747.700000000186265 ], [ 1763130.4, 5064837.599999999627471 ], [ 1763274.7, 5064884.299999999813735 ], [ 1763443.3, 5064960.900000000372529 ], [ 1763755.8, 5065102.599999999627471 ], [ 1764146.6, 5065281.0 ], [ 1764512.7, 5065445.799999999813735 ], [ 1765095.0, 5065710.299999999813735 ], [ 1765482.8, 5065885.599999999627471 ], [ 1765836.0, 5066046.099999999627471 ], [ 1766043.3, 5066139.5 ], [ 1766167.3, 5066195.200000000186265 ], [ 1766335.7, 5066283.799999999813735 ], [ 1766536.4, 5066411.200000000186265 ], [ 1766749.0, 5066540.900000000372529 ], [ 1767032.8, 5066718.099999999627471 ], [ 1767248.5, 5066845.799999999813735 ], [ 1767497.5, 5067010.200000000186265 ], [ 1767779.3, 5067183.400000000372529 ], [ 1767867.5, 5067232.299999999813735 ], [ 1768102.5, 5067287.200000000186265 ], [ 1768211.0, 5067318.5 ], [ 1768445.3, 5067412.400000000372529 ], [ 1768539.7, 5067451.400000000372529 ], [ 1768617.4, 5067517.200000000186265 ], [ 1768687.3, 5067579.799999999813735 ], [ 1768779.5, 5067726.0 ], [ 1768871.5, 5067886.400000000372529 ], [ 1769002.0, 5068076.5 ], [ 1769075.9, 5068189.299999999813735 ], [ 1769130.3, 5068270.700000000186265 ], [ 1769177.7, 5068357.900000000372529 ], [ 1769245.8, 5068478.799999999813735 ], [ 1769339.8, 5068674.099999999627471 ], [ 1769384.5, 5068844.799999999813735 ], [ 1769416.7, 5068941.400000000372529 ], [ 1769471.0, 5069085.900000000372529 ], [ 1769509.0, 5069190.900000000372529 ], [ 1769565.3, 5069434.799999999813735 ], [ 1769671.1, 5069870.099999999627471 ], [ 1769803.3, 5070386.299999999813735 ], [ 1769896.3, 5070753.200000000186265 ], [ 1770004.6, 5071212.700000000186265 ], [ 1770123.8, 5071677.5 ], [ 1770200.8, 5071994.900000000372529 ], [ 1770253.8, 5072155.5 ], [ 1770415.7, 5072843.700000000186265 ], [ 1770568.0, 5073463.599999999627471 ], [ 1770675.1, 5073931.099999999627471 ], [ 1770811.6, 5074481.400000000372529 ], [ 1770835.5, 5074593.200000000186265 ], [ 1770895.2, 5074716.799999999813735 ], [ 1770982.5, 5074808.799999999813735 ], [ 1771087.1, 5074885.099999999627471 ], [ 1771268.0, 5074946.900000000372529 ], [ 1771364.1, 5074974.5 ], [ 1771649.7, 5075063.5 ], [ 1772554.9, 5075356.900000000372529 ], [ 1773416.0, 5075640.0 ], [ 1774132.9, 5075873.099999999627471 ], [ 1774811.2, 5076091.299999999813735 ], [ 1775124.4, 5076190.900000000372529 ], [ 1775391.1, 5076268.5 ], [ 1775547.7, 5076293.700000000186265 ], [ 1775826.8, 5076299.299999999813735 ], [ 1775914.7, 5076294.599999999627471 ], [ 1776265.7, 5076271.900000000372529 ], [ 1776647.3, 5076258.799999999813735 ], [ 1777341.0, 5076225.5 ], [ 1777812.6, 5076208.900000000372529 ], [ 1778201.9, 5076154.599999999627471 ], [ 1779128.7, 5076034.799999999813735 ], [ 1779859.9, 5075940.200000000186265 ], [ 1780202.9, 5075899.0 ], [ 1780370.3, 5075878.5 ], [ 1780642.7, 5075848.200000000186265 ], [ 1781400.3, 5075753.599999999627471 ], [ 1781677.4, 5075705.0 ], [ 1781815.7, 5075693.799999999813735 ], [ 1782011.4, 5075715.700000000186265 ], [ 1782335.6, 5075765.400000000372529 ], [ 1782822.6, 5075834.400000000372529 ], [ 1783164.8, 5075887.400000000372529 ], [ 1783335.1, 5075913.799999999813735 ], [ 1783556.6, 5075944.799999999813735 ], [ 1783689.3, 5075921.0 ], [ 1783792.8, 5075903.0 ], [ 1783922.6, 5075865.5 ], [ 1784068.6, 5075816.299999999813735 ], [ 1784250.0, 5075749.799999999813735 ], [ 1784446.5, 5075680.5 ], [ 1784460.6, 5075675.700000000186265 ], [ 1784588.0, 5075630.5 ], [ 1784701.0, 5075630.5 ], [ 1784877.8, 5075620.700000000186265 ], [ 1784958.7, 5075621.0 ], [ 1785018.9, 5075621.200000000186265 ] ] ] } },
{ "type": "Feature", "properties": { "nomline": "SFMR FASE 3", "progressiv": 6004.408 }, "geometry": { "type": "MultiLineString", "coordinates": [ [ [ 1753807.4, 5062107.400000000372529 ], [ 1753878.2, 5062206.700000000186265 ], [ 1753964.0, 5062260.700000000186265 ], [ 1754439.0, 5062380.099999999627471 ], [ 1756610.6, 5062944.0 ], [ 1758163.3, 5063334.099999999627471 ], [ 1758806.6, 5063502.099999999627471 ], [ 1759552.2, 5063737.400000000372529 ] ] ] } },
{ "type": "Feature", "properties": { "nomline": "SFMR FASE 2", "progressiv": 999.6 }, "geometry": { "type": "MultiLineString", "coordinates": [ [ [ 1785889.9, 5069020.5 ], [ 1786160.7, 5069315.400000000372529 ], [ 1786316.4, 5069487.799999999813735 ], [ 1786358.9, 5069533.299999999813735 ], [ 1786395.0, 5069568.5 ], [ 1786610.0, 5069704.200000000186265 ] ] ] } },
{ "type": "Feature", "properties": { "nomline": "SFMR FASE 2", "progressiv": 6920.762 }, "geometry": { "type": "MultiLineString", "coordinates": [ [ [ 1786610.0, 5069704.200000000186265 ], [ 1787767.8, 5070386.299999999813735 ], [ 1788168.0, 5070632.799999999813735 ], [ 1788557.6, 5070888.799999999813735 ], [ 1789022.4, 5071198.299999999813735 ], [ 1789386.6, 5071425.799999999813735 ], [ 1789819.6, 5071713.299999999813735 ], [ 1790162.3, 5071930.5 ], [ 1790416.1, 5072088.5 ], [ 1790714.4, 5072276.099999999627471 ], [ 1790979.5, 5072446.700000000186265 ], [ 1791266.2, 5072625.599999999627471 ], [ 1791491.9, 5072764.900000000372529 ], [ 1791738.6, 5072924.400000000372529 ], [ 1792031.9, 5073111.700000000186265 ], [ 1792204.4, 5073216.900000000372529 ], [ 1792317.2, 5073279.5 ], [ 1792471.9, 5073380.700000000186265 ] ] ] } },
{ "type": "Feature", "properties": { "nomline": "SFMR FASE 3", "progressiv": 1034.491 }, "geometry": { "type": "MultiLineString", "coordinates": [ [ [ 1713099.7, 5008667.5 ], [ 1712951.8, 5008404.200000000186265 ], [ 1712856.2, 5008178.299999999813735 ], [ 1712795.4, 5007987.200000000186265 ], [ 1712775.0, 5007824.299999999813735 ], [ 1712766.6, 5007702.099999999627471 ] ] ] } },
{ "type": "Feature", "properties": { "nomline": "SFMR FASE 2", "progressiv": 5438.532 }, "geometry": { "type": "MultiLineString", "coordinates": [ [ [ 1792471.9, 5073380.700000000186265 ], [ 1793277.8, 5073901.200000000186265 ], [ 1793755.2, 5074219.400000000372529 ], [ 1794226.8, 5074516.200000000186265 ], [ 1794572.3, 5074736.599999999627471 ], [ 1794845.0, 5074915.700000000186265 ], [ 1795055.6, 5075056.099999999627471 ], [ 1795408.9, 5075281.900000000372529 ], [ 1795701.1, 5075470.200000000186265 ], [ 1796086.0, 5075720.900000000372529 ], [ 1796321.1, 5075871.799999999813735 ], [ 1796610.2, 5076061.799999999813735 ], [ 1796853.1, 5076218.099999999627471 ], [ 1797040.2, 5076331.200000000186265 ] ] ] } },
{ "type": "Feature", "properties": { "nomline": "SFMR FASE 2", "progressiv": 1051.472 }, "geometry": { "type": "MultiLineString", "coordinates": [ [ [ 1797040.2, 5076331.200000000186265 ], [ 1797423.3, 5076595.799999999813735 ], [ 1797685.2, 5076771.299999999813735 ], [ 1797840.3, 5076865.400000000372529 ], [ 1797915.8, 5076912.900000000372529 ] ] ] } },
{ "type": "Feature", "properties": { "nomline": "SFMR FASE 2", "progressiv": 1073.336 }, "geometry": { "type": "MultiLineString", "coordinates": [ [ [ 1762562.7, 5052318.700000000186265 ], [ 1762821.5, 5052537.799999999813735 ], [ 1763032.7, 5052731.700000000186265 ], [ 1763252.9, 5052942.200000000186265 ], [ 1763363.5, 5053032.700000000186265 ] ] ] } },
{ "type": "Feature", "properties": { "nomline": "SFMR FASE 1", "progressiv": 3298.364 }, "geometry": { "type": "MultiLineString", "coordinates": [ [ [ 1760119.6, 5050103.0 ], [ 1761070.2, 5050976.0 ], [ 1761477.3, 5051337.5 ], [ 1761896.5, 5051713.0 ], [ 1762225.3, 5052012.099999999627471 ], [ 1762433.3, 5052194.599999999627471 ], [ 1762562.7, 5052318.700000000186265 ] ] ] } },
{ "type": "Feature", "properties": { "nomline": "SFMR FASE 4", "progressiv": 5225.729 }, "geometry": { "type": "MultiLineString", "coordinates": [ [ [ 1756137.5, 5114732.400000000372529 ], [ 1756135.7, 5114711.099999999627471 ], [ 1756164.6, 5114508.900000000372529 ], [ 1756207.9, 5114350.0 ], [ 1756222.4, 5114205.599999999627471 ], [ 1756236.8, 5113988.900000000372529 ], [ 1756337.9, 5113685.599999999627471 ], [ 1756381.3, 5113512.299999999813735 ], [ 1756424.6, 5113338.900000000372529 ], [ 1756467.9, 5113194.5 ], [ 1756554.6, 5113093.400000000372529 ], [ 1756641.3, 5112920.099999999627471 ], [ 1756713.5, 5112833.400000000372529 ], [ 1756785.7, 5112717.799999999813735 ], [ 1756800.1, 5112530.099999999627471 ], [ 1756857.9, 5112356.700000000186265 ], [ 1756901.2, 5112197.900000000372529 ], [ 1756959.0, 5112096.799999999813735 ], [ 1756973.5, 5111909.0 ], [ 1757031.2, 5111793.400000000372529 ], [ 1757117.9, 5111620.099999999627471 ], [ 1757161.2, 5111504.5 ], [ 1757146.8, 5111345.700000000186265 ], [ 1757117.9, 5111157.900000000372529 ], [ 1757103.5, 5111042.299999999813735 ], [ 1757074.6, 5110695.700000000186265 ], [ 1757060.1, 5110349.0 ], [ 1757074.6, 5110089.0 ], [ 1757161.2, 5110016.799999999813735 ], [ 1757276.8, 5109959.0 ], [ 1757392.4, 5109930.099999999627471 ] ] ] } },
{ "type": "Feature", "properties": { "nomline": "SFMR FASE 4", "progressiv": 4309.497 }, "geometry": { "type": "MultiLineString", "coordinates": [ [ [ 1755589.5, 5118696.799999999813735 ], [ 1755644.6, 5118611.0 ], [ 1755760.2, 5118538.799999999813735 ], [ 1755991.3, 5118365.5 ], [ 1756063.5, 5118249.900000000372529 ], [ 1756121.3, 5118076.599999999627471 ], [ 1756193.5, 5117917.700000000186265 ], [ 1756251.3, 5117816.599999999627471 ], [ 1756280.1, 5117628.799999999813735 ], [ 1756265.7, 5117484.400000000372529 ], [ 1756179.0, 5117311.099999999627471 ], [ 1756164.6, 5117152.200000000186265 ], [ 1756179.0, 5116935.5 ], [ 1756236.8, 5116747.700000000186265 ], [ 1756265.7, 5116473.299999999813735 ], [ 1756280.1, 5116126.599999999627471 ], [ 1756294.6, 5115924.400000000372529 ], [ 1756337.9, 5115808.900000000372529 ], [ 1756323.5, 5115534.400000000372529 ], [ 1756236.8, 5115404.400000000372529 ], [ 1756164.6, 5115260.0 ], [ 1756150.2, 5115086.700000000186265 ], [ 1756150.2, 5114884.5 ], [ 1756137.5, 5114732.400000000372529 ] ] ] } },
{ "type": "Feature", "properties": { "nomline": "SFMR FASE 2", "progressiv": 378.148 }, "geometry": { "type": "MultiLineString", "coordinates": [ [ [ 1785097.3, 5068143.400000000372529 ], [ 1785348.9, 5068425.700000000186265 ] ] ] } },
{ "type": "Feature", "properties": { "nomline": "SFMR FASE 2", "progressiv": 3081.654 }, "geometry": { "type": "MultiLineString", "coordinates": [ [ [ 1782998.9, 5065887.0 ], [ 1783299.5, 5066188.0 ], [ 1784672.5, 5067685.0 ], [ 1785097.3, 5068143.400000000372529 ] ] ] } },
{ "type": "Feature", "properties": { "nomline": "SFMR FASE 2", "progressiv": 7920.603 }, "geometry": { "type": "MultiLineString", "coordinates": [ [ [ 1777460.0, 5060229.599999999627471 ], [ 1777757.9, 5060485.200000000186265 ], [ 1777935.6, 5060638.599999999627471 ], [ 1778086.3, 5060790.599999999627471 ], [ 1779157.1, 5061899.299999999813735 ], [ 1779738.3, 5062501.099999999627471 ], [ 1780139.2, 5062899.299999999813735 ], [ 1780298.0, 5063069.799999999813735 ], [ 1781102.5, 5063874.400000000372529 ], [ 1781735.2, 5064547.0 ], [ 1782559.7, 5065411.700000000186265 ], [ 1782867.1, 5065738.0 ], [ 1782998.9, 5065887.0 ] ] ] } },
{ "type": "Feature", "properties": { "nomline": "SFMR FASE 2", "progressiv": 5004.017 }, "geometry": { "type": "MultiLineString", "coordinates": [ [ [ 1772905.2, 5058279.0 ], [ 1773599.2, 5058526.400000000372529 ], [ 1774533.9, 5058832.099999999627471 ], [ 1775290.8, 5059083.700000000186265 ], [ 1776156.9, 5059377.900000000372529 ], [ 1776407.1, 5059463.700000000186265 ], [ 1776479.6, 5059497.400000000372529 ], [ 1776565.6, 5059541.799999999813735 ], [ 1776763.1, 5059660.099999999627471 ], [ 1776897.8, 5059771.099999999627471 ], [ 1777126.0, 5059957.099999999627471 ], [ 1777268.3, 5060076.599999999627471 ], [ 1777460.0, 5060229.599999999627471 ] ] ] } },
{ "type": "Feature", "properties": { "nomline": "SFMR FASE 2", "progressiv": 3831.545 }, "geometry": { "type": "MultiLineString", "coordinates": [ [ [ 1769347.6, 5056883.799999999813735 ], [ 1769469.2, 5056976.200000000186265 ], [ 1769701.5, 5057101.200000000186265 ], [ 1769937.2, 5057216.299999999813735 ], [ 1770355.6, 5057365.700000000186265 ], [ 1771156.6, 5057658.599999999627471 ], [ 1772011.4, 5057957.299999999813735 ], [ 1772386.4, 5058092.5 ], [ 1772717.8, 5058218.400000000372529 ], [ 1772905.2, 5058279.0 ] ] ] } },
{ "type": "Feature", "properties": { "nomline": "SFMR FASE 2", "progressiv": 1427.48 }, "geometry": { "type": "MultiLineString", "coordinates": [ [ [ 1768145.6, 5056113.900000000372529 ], [ 1768557.9, 5056384.900000000372529 ], [ 1769347.6, 5056883.799999999813735 ] ] ] } },
{ "type": "Feature", "properties": { "nomline": "SFMR FASE 1", "progressiv": 5130.793 }, "geometry": { "type": "MultiLineString", "coordinates": [ [ [ 1727558.6, 5061025.400000000372529 ], [ 1727413.8, 5060930.799999999813735 ], [ 1727335.4, 5060828.700000000186265 ], [ 1727289.8, 5060761.799999999813735 ], [ 1727274.5, 5060713.099999999627471 ], [ 1727259.6, 5060547.200000000186265 ], [ 1727291.3, 5060340.0 ], [ 1727346.7, 5060032.400000000372529 ], [ 1727553.5, 5058770.400000000372529 ], [ 1727713.6, 5057797.299999999813735 ], [ 1727773.3, 5057482.900000000372529 ], [ 1727845.5, 5057045.700000000186265 ], [ 1727896.7, 5056797.0 ], [ 1727945.6, 5056585.400000000372529 ], [ 1728016.2, 5056081.200000000186265 ] ] ] } },
{ "type": "Feature", "properties": { "nomline": "SFMR FASE 1", "progressiv": 477.098 }, "geometry": { "type": "MultiLineString", "coordinates": [ [ [ 1752104.2, 5041791.0 ], [ 1752559.3, 5041647.799999999813735 ] ] ] } },
{ "type": "Feature", "properties": { "nomline": "SFMR FASE 1", "progressiv": 3421.343 }, "geometry": { "type": "MultiLineString", "coordinates": [ [ [ 1752104.2, 5041791.0 ], [ 1752019.8, 5041958.599999999627471 ], [ 1751944.6, 5042121.599999999627471 ], [ 1751900.5, 5042213.799999999813735 ], [ 1751879.4, 5042354.099999999627471 ], [ 1751876.6, 5042441.099999999627471 ], [ 1751903.9, 5042525.5 ], [ 1752029.3, 5042661.099999999627471 ], [ 1752247.1, 5042856.900000000372529 ], [ 1752622.2, 5043212.799999999813735 ], [ 1752887.5, 5043493.799999999813735 ], [ 1753369.7, 5043988.599999999627471 ], [ 1753582.0, 5044221.299999999813735 ], [ 1753656.0, 5044303.599999999627471 ], [ 1753753.0, 5044399.900000000372529 ] ] ] } },
{ "type": "Feature", "properties": { "nomline": "SFMR FASE 3", "progressiv": 1218.902 }, "geometry": { "type": "MultiLineString", "coordinates": [ [ [ 1757210.1, 5010305.0 ], [ 1757228.9, 5011003.200000000186265 ], [ 1757212.8, 5011523.400000000372529 ] ] ] } },
{ "type": "Feature", "properties": { "nomline": "SFMR FASE 1", "progressiv": 4680.258 }, "geometry": { "type": "MultiLineString", "coordinates": [ [ [ 1748911.7, 5044026.799999999813735 ], [ 1748968.7, 5044190.5 ], [ 1749038.4, 5044368.200000000186265 ], [ 1749111.3, 5044548.400000000372529 ], [ 1749160.0, 5044672.700000000186265 ], [ 1749200.6, 5044774.599999999627471 ], [ 1749229.4, 5044828.0 ], [ 1749270.3, 5044876.799999999813735 ], [ 1749351.3, 5045018.599999999627471 ], [ 1749434.3, 5045112.400000000372529 ], [ 1749520.4, 5045228.299999999813735 ], [ 1749623.3, 5045374.0 ], [ 1749724.3, 5045492.599999999627471 ], [ 1749848.0, 5045665.299999999813735 ], [ 1749949.6, 5045791.900000000372529 ], [ 1750013.5, 5045865.799999999813735 ], [ 1750099.2, 5045944.700000000186265 ], [ 1750214.3, 5046015.799999999813735 ], [ 1750346.8, 5046079.700000000186265 ], [ 1750451.9, 5046127.299999999813735 ], [ 1750534.3, 5046143.900000000372529 ], [ 1750635.0, 5046153.299999999813735 ], [ 1750791.7, 5046145.099999999627471 ], [ 1751024.9, 5046126.200000000186265 ], [ 1751242.3, 5046102.599999999627471 ], [ 1751366.2, 5046132.099999999627471 ], [ 1751531.7, 5046172.299999999813735 ], [ 1751633.9, 5046216.900000000372529 ], [ 1751784.2, 5046308.5 ], [ 1751897.1, 5046406.599999999627471 ], [ 1751977.5, 5046492.299999999813735 ], [ 1752036.0, 5046575.900000000372529 ], [ 1752083.5, 5046680.200000000186265 ], [ 1752112.4, 5046731.700000000186265 ], [ 1752150.5, 5046799.299999999813735 ] ] ] } },
{ "type": "Feature", "properties": { "nomline": "SFMR FASE 1", "progressiv": 5096.475 }, "geometry": { "type": "MultiLineString", "coordinates": [ [ [ 1751723.6, 5041790.400000000372529 ], [ 1751833.0, 5041854.299999999813735 ], [ 1751849.6, 5041910.099999999627471 ], [ 1751877.1, 5041992.400000000372529 ], [ 1751882.9, 5042110.900000000372529 ], [ 1751874.5, 5042259.700000000186265 ], [ 1751847.3, 5042376.799999999813735 ], [ 1751850.0, 5042567.200000000186265 ], [ 1751852.7, 5042919.900000000372529 ], [ 1751850.8, 5043263.400000000372529 ], [ 1751855.3, 5043551.099999999627471 ], [ 1751868.4, 5043871.200000000186265 ], [ 1751919.4, 5044310.099999999627471 ], [ 1751978.7, 5044901.700000000186265 ], [ 1752030.8, 5045339.700000000186265 ], [ 1752077.1, 5045862.5 ], [ 1752102.6, 5046266.299999999813735 ], [ 1752127.4, 5046501.799999999813735 ], [ 1752138.0, 5046631.200000000186265 ], [ 1752150.5, 5046799.299999999813735 ] ] ] } },
{ "type": "Feature", "properties": { "nomline": "SFMR FASE 1", "progressiv": 1917.523 }, "geometry": { "type": "MultiLineString", "coordinates": [ [ [ 1731086.6, 5057665.299999999813735 ], [ 1731211.8, 5057505.5 ], [ 1731540.9, 5057086.900000000372529 ], [ 1731829.3, 5056712.900000000372529 ], [ 1731931.2, 5056584.400000000372529 ], [ 1732039.6, 5056472.299999999813735 ], [ 1732166.0, 5056357.700000000186265 ], [ 1732271.1, 5056283.799999999813735 ], [ 1732345.3, 5056231.599999999627471 ] ] ] } },
{ "type": "Feature", "properties": { "nomline": "SFMR FASE 1", "progressiv": 1302.782 }, "geometry": { "type": "MultiLineString", "coordinates": [ [ [ 1747753.8, 5043773.0 ], [ 1747962.3, 5043700.0 ], [ 1748070.9, 5043667.700000000186265 ], [ 1748154.5, 5043657.299999999813735 ], [ 1748253.9, 5043651.599999999627471 ], [ 1748358.5, 5043664.200000000186265 ], [ 1748497.2, 5043700.200000000186265 ], [ 1748660.1, 5043777.5 ], [ 1748744.8, 5043856.299999999813735 ], [ 1748761.8, 5043881.099999999627471 ], [ 1748790.7, 5043906.400000000372529 ], [ 1748822.8, 5043927.799999999813735 ], [ 1748911.7, 5044026.799999999813735 ] ] ] } },
{ "type": "Feature", "properties": { "nomline": "SFMR FASE 1", "progressiv": 910.331 }, "geometry": { "type": "MultiLineString", "coordinates": [ [ [ 1748564.7, 5043185.299999999813735 ], [ 1748725.4, 5043589.0 ], [ 1748810.5, 5043796.0 ], [ 1748911.7, 5044026.799999999813735 ] ] ] } },
{ "type": "Feature", "properties": { "nomline": "SFMR FASE 1", "progressiv": 766.931 }, "geometry": { "type": "MultiLineString", "coordinates": [ [ [ 1748283.2, 5042471.900000000372529 ], [ 1748477.2, 5042962.200000000186265 ], [ 1748564.7, 5043185.299999999813735 ] ] ] } },
{ "type": "Feature", "properties": { "nomline": "SFMR FASE 1", "progressiv": 1464.152 }, "geometry": { "type": "MultiLineString", "coordinates": [ [ [ 1747753.8, 5043773.0 ], [ 1747981.4, 5043468.400000000372529 ], [ 1748049.9, 5043367.200000000186265 ], [ 1748151.9, 5043210.400000000372529 ], [ 1748232.3, 5043066.700000000186265 ], [ 1748280.0, 5042959.599999999627471 ], [ 1748303.6, 5042856.400000000372529 ], [ 1748309.7, 5042760.5 ], [ 1748304.6, 5042579.0 ], [ 1748283.2, 5042471.900000000372529 ] ] ] } },
{ "type": "Feature", "properties": { "nomline": "FASE1", "progressiv": 1001.685 }, "geometry": { "type": "MultiLineString", "coordinates": [ [ [ 1747753.8, 5043773.0 ], [ 1748186.7, 5043469.400000000372529 ], [ 1748441.2, 5043283.099999999627471 ], [ 1748564.7, 5043185.299999999813735 ] ] ] } },
{ "type": "Feature", "properties": { "nomline": "FASE1", "progressiv": 2970.446 }, "geometry": { "type": "MultiLineString", "coordinates": [ [ [ 1748564.7, 5043185.299999999813735 ], [ 1749386.0, 5042658.200000000186265 ], [ 1749885.2, 5042350.400000000372529 ], [ 1750290.4, 5042085.599999999627471 ], [ 1750484.4, 5041954.799999999813735 ], [ 1750687.5, 5041823.400000000372529 ], [ 1750747.9, 5041792.0 ], [ 1750788.4, 5041758.700000000186265 ], [ 1750854.3, 5041740.5 ], [ 1750938.5, 5041716.099999999627471 ], [ 1751109.5, 5041701.5 ] ] ] } },
{ "type": "Feature", "properties": { "nomline": "SFMR FASE 1", "progressiv": 1747.412 }, "geometry": { "type": "MultiLineString", "coordinates": [ [ [ 1747640.8, 5040847.299999999813735 ], [ 1747818.1, 5041285.700000000186265 ], [ 1747924.9, 5041592.900000000372529 ], [ 1748022.1, 5041821.5 ], [ 1748112.3, 5042049.799999999813735 ], [ 1748234.2, 5042355.599999999627471 ], [ 1748283.2, 5042471.900000000372529 ] ] ] } },
{ "type": "Feature", "properties": { "nomline": "SFMR FASE 1", "progressiv": 1608.796 }, "geometry": { "type": "MultiLineString", "coordinates": [ [ [ 1747585.700139510212466, 5040447.150932018645108 ], [ 1749100.0, 5040990.400000000372529 ] ] ] } },
{ "type": "Feature", "properties": { "nomline": "SFMR FASE 3", "progressiv": 223.454 }, "geometry": { "type": "MultiLineString", "coordinates": [ [ [ 1755720.4, 5000265.299999999813735 ], [ 1755617.4, 5000463.599999999627471 ] ] ] } },
{ "type": "Feature", "properties": { "nomline": "SFMR FASE 3", "progressiv": 6159.806 }, "geometry": { "type": "MultiLineString", "coordinates": [ [ [ 1756861.7, 5004352.5 ], [ 1757038.2, 5004972.799999999813735 ], [ 1757118.3, 5005182.299999999813735 ], [ 1757141.0, 5005272.599999999627471 ], [ 1757155.7, 5005425.700000000186265 ], [ 1757181.9, 5005752.900000000372529 ], [ 1757209.1, 5006102.200000000186265 ], [ 1757219.1, 5006476.700000000186265 ], [ 1757231.9, 5006666.799999999813735 ], [ 1757307.4, 5007158.900000000372529 ], [ 1757354.2, 5007557.200000000186265 ], [ 1757402.1, 5007769.099999999627471 ], [ 1757416.7, 5008007.5 ], [ 1757467.9, 5008336.900000000372529 ], [ 1757533.8, 5008757.200000000186265 ], [ 1757580.5, 5009117.5 ], [ 1757623.6, 5009428.400000000372529 ], [ 1757625.0, 5009544.799999999813735 ], [ 1757503.0, 5009724.400000000372529 ], [ 1757371.9, 5009906.5 ], [ 1757282.0, 5009981.299999999813735 ], [ 1757241.3, 5010077.5 ], [ 1757210.1, 5010305.0 ] ] ] } },
{ "type": "Feature", "properties": { "nomline": "SFMR FASE 3", "progressiv": 4184.666 }, "geometry": { "type": "MultiLineString", "coordinates": [ [ [ 1755617.4, 5000463.599999999627471 ], [ 1755541.0, 5000632.900000000372529 ], [ 1755516.8, 5000697.900000000372529 ], [ 1755507.0, 5000776.599999999627471 ], [ 1755513.2, 5000875.200000000186265 ], [ 1755522.8, 5000967.900000000372529 ], [ 1755569.2, 5001065.400000000372529 ], [ 1755622.8, 5001158.299999999813735 ], [ 1755682.7, 5001268.5 ], [ 1755775.7, 5001417.5 ], [ 1755879.8, 5001586.0 ], [ 1755963.2, 5001707.400000000372529 ], [ 1756058.6, 5001889.599999999627471 ], [ 1756090.0, 5002008.400000000372529 ], [ 1756214.6, 5002395.599999999627471 ], [ 1756356.7, 5002835.700000000186265 ], [ 1756464.2, 5003162.799999999813735 ], [ 1756591.5, 5003576.200000000186265 ], [ 1756861.7, 5004352.5 ] ] ] } },
{ "type": "Feature", "properties": { "nomline": "SFMR FASE 3", "progressiv": 1429.568 }, "geometry": { "type": "MultiLineString", "coordinates": [ [ [ 1742570.8, 5004016.0 ], [ 1742701.9, 5003675.0 ], [ 1742828.7, 5003368.700000000186265 ], [ 1742909.6, 5003143.400000000372529 ], [ 1742927.2, 5003041.299999999813735 ], [ 1742994.1, 5002928.599999999627471 ], [ 1743121.9, 5002703.700000000186265 ] ] ] } },
{ "type": "Feature", "properties": { "nomline": "SFMR FASE 1", "progressiv": 3715.456 }, "geometry": { "type": "MultiLineString", "coordinates": [ [ [ 1736648.2, 5036783.599999999627471 ], [ 1737327.7, 5036989.400000000372529 ], [ 1737861.0, 5037168.099999999627471 ], [ 1738780.5, 5037472.400000000372529 ], [ 1739398.3, 5037671.799999999813735 ], [ 1739927.9, 5037846.400000000372529 ], [ 1740181.1, 5037933.200000000186265 ] ] ] } },
{ "type": "Feature", "properties": { "nomline": "SFMR FASE 1", "progressiv": 380.69 }, "geometry": { "type": "MultiLineString", "coordinates": [ [ [ 1752104.2, 5041791.0 ], [ 1751927.7, 5041786.599999999627471 ], [ 1751723.6, 5041790.400000000372529 ] ] ] } },
{ "type": "Feature", "properties": { "nomline": "SFMR FASE 1", "progressiv": 1101.525 }, "geometry": { "type": "MultiLineString", "coordinates": [ [ [ 1752260.3, 5047895.200000000186265 ], [ 1752212.1, 5047345.700000000186265 ], [ 1752185.3, 5047073.599999999627471 ], [ 1752150.5, 5046799.299999999813735 ] ] ] } },
{ "type": "Feature", "properties": { "nomline": "SFMR FASE 1", "progressiv": 2903.667 }, "geometry": { "type": "MultiLineString", "coordinates": [ [ [ 1737907.9, 5051043.099999999627471 ], [ 1738348.9, 5050592.5 ], [ 1738609.6, 5050320.299999999813735 ], [ 1738854.2, 5050079.599999999627471 ], [ 1739173.6, 5049740.599999999627471 ], [ 1739292.8, 5049611.0 ], [ 1739554.4, 5049423.200000000186265 ], [ 1739761.2, 5049281.299999999813735 ], [ 1739945.9, 5049164.5 ], [ 1740043.8, 5049095.299999999813735 ] ] ] } },
{ "type": "Feature", "properties": { "nomline": "SFMR FASE 1", "progressiv": 3523.536 }, "geometry": { "type": "MultiLineString", "coordinates": [ [ [ 1740043.8, 5049095.299999999813735 ], [ 1740751.7, 5048632.0 ], [ 1741234.6, 5048315.900000000372529 ], [ 1741557.1, 5048106.5 ], [ 1741899.5, 5047875.799999999813735 ], [ 1742232.7, 5047649.799999999813735 ], [ 1742556.3, 5047441.5 ], [ 1742795.6, 5047286.799999999813735 ], [ 1742984.9, 5047155.200000000186265 ] ] ] } },
{ "type": "Feature", "properties": { "nomline": "SFMR FASE 1", "progressiv": 3697.752 }, "geometry": { "type": "MultiLineString", "coordinates": [ [ [ 1742984.9, 5047155.200000000186265 ], [ 1743433.4, 5046847.700000000186265 ], [ 1743710.7, 5046670.599999999627471 ], [ 1744031.1, 5046465.099999999627471 ], [ 1744229.4, 5046335.799999999813735 ], [ 1744495.5, 5046161.200000000186265 ], [ 1744780.4, 5045968.400000000372529 ], [ 1745006.9, 5045806.200000000186265 ], [ 1745138.1, 5045702.200000000186265 ], [ 1745290.6, 5045592.200000000186265 ], [ 1745448.3, 5045475.299999999813735 ], [ 1745663.7, 5045316.599999999627471 ], [ 1745817.2, 5045205.599999999627471 ], [ 1746031.71177212591283, 5045062.309984549880028 ] ] ] } },
{ "type": "Feature", "properties": { "nomline": "SFMR FASE 1", "progressiv": 2146.905 }, "geometry": { "type": "MultiLineString", "coordinates": [ [ [ 1746035.94511395925656, 5045060.193313633091748 ], [ 1746198.3, 5044933.400000000372529 ], [ 1746377.9, 5044794.299999999813735 ], [ 1746599.6, 5044627.900000000372529 ], [ 1746778.9, 5044497.900000000372529 ], [ 1746938.4, 5044386.099999999627471 ], [ 1747136.4, 5044238.799999999813735 ], [ 1747324.0, 5044099.0 ], [ 1747532.2, 5043946.099999999627471 ], [ 1747667.4, 5043843.400000000372529 ], [ 1747753.8, 5043773.0 ] ] ] } },
{ "type": "Feature", "properties": { "nomline": "SFMR FASE 2", "progressiv": 804.032 }, "geometry": { "type": "MultiLineString", "coordinates": [ [ [ 1785348.9, 5068425.700000000186265 ], [ 1785889.9, 5069020.5 ] ] ] } },
{ "type": "Feature", "properties": { "nomline": "SFMR FASE 1", "progressiv": 3408.056 }, "geometry": { "type": "MultiLineString", "coordinates": [ [ [ 1747402.9, 5037923.299999999813735 ], [ 1747280.7, 5037830.700000000186265 ], [ 1747041.4, 5037603.200000000186265 ], [ 1746909.7, 5037447.599999999627471 ], [ 1746849.9, 5037304.0 ], [ 1746742.1, 5036669.700000000186265 ], [ 1746658.4, 5036286.700000000186265 ], [ 1746454.9, 5035951.5 ], [ 1746287.3, 5035796.0 ], [ 1745856.4, 5035448.900000000372529 ], [ 1745702.1, 5035305.900000000372529 ], [ 1745591.1, 5035212.200000000186265 ] ] ] } },
{ "type": "Feature", "properties": { "nomline": "SFMR FASE 2", "progressiv": 4004.155 }, "geometry": { "type": "MultiLineString", "coordinates": [ [ [ 1763363.5, 5053032.700000000186265 ], [ 1763640.1, 5053234.400000000372529 ], [ 1764999.0, 5054066.5 ], [ 1765563.1, 5054443.700000000186265 ], [ 1766717.3, 5055217.900000000372529 ] ] ] } },
{ "type": "Feature", "properties": { "nomline": "SFMR FASE 1", "progressiv": 5996.4 }, "geometry": { "type": "MultiLineString", "coordinates": [ [ [ 1754669.0, 5040530.099999999627471 ], [ 1754783.9, 5040479.299999999813735 ], [ 1754894.5, 5040442.700000000186265 ], [ 1755029.1, 5040407.200000000186265 ], [ 1755258.3, 5040363.5 ], [ 1755397.9, 5040327.200000000186265 ], [ 1755630.0, 5040258.5 ], [ 1755763.2, 5040205.900000000372529 ], [ 1755890.6, 5040151.0 ], [ 1756060.6, 5040053.700000000186265 ], [ 1756348.3, 5039865.900000000372529 ], [ 1756663.5, 5039639.200000000186265 ], [ 1756835.7, 5039509.799999999813735 ], [ 1756978.7, 5039385.299999999813735 ], [ 1757247.8, 5039184.700000000186265 ], [ 1757484.9, 5039009.900000000372529 ], [ 1757854.5, 5038748.299999999813735 ], [ 1758317.2, 5038409.299999999813735 ], [ 1758535.7, 5038248.700000000186265 ], [ 1758728.7, 5038101.200000000186265 ], [ 1759102.3, 5037839.700000000186265 ], [ 1759686.7, 5037440.599999999627471 ], [ 1759725.4, 5037415.0 ] ] ] } },
{ "type": "Feature", "properties": { "nomline": "SFMR FASE 1", "progressiv": 4116.241 }, "geometry": { "type": "MultiLineString", "coordinates": [ [ [ 1752038.3, 5054608.299999999813735 ], [ 1752021.5, 5054152.700000000186265 ], [ 1752017.5, 5053835.299999999813735 ], [ 1752014.2, 5053522.099999999627471 ], [ 1752015.7, 5053217.0 ], [ 1752005.2, 5052912.5 ], [ 1752005.8, 5052843.200000000186265 ], [ 1752037.6, 5052584.599999999627471 ], [ 1752085.4, 5052298.5 ], [ 1752162.7, 5051845.099999999627471 ], [ 1752212.9, 5051549.099999999627471 ], [ 1752263.2, 5051225.0 ], [ 1752303.6, 5050951.700000000186265 ], [ 1752317.7, 5050630.099999999627471 ], [ 1752314.0, 5050516.5 ] ] ] } },
{ "type": "Feature", "properties": { "nomline": "SFMR FASE 1", "progressiv": 2627.228 }, "geometry": { "type": "MultiLineString", "coordinates": [ [ [ 1752314.0, 5050516.5 ], [ 1752340.5, 5050024.799999999813735 ], [ 1752349.1, 5049639.799999999813735 ], [ 1752358.8, 5049249.700000000186265 ], [ 1752355.4, 5048940.5 ], [ 1752333.1, 5048627.400000000372529 ], [ 1752301.9, 5048391.200000000186265 ], [ 1752288.4, 5048246.099999999627471 ], [ 1752279.4, 5048033.0 ], [ 1752260.3, 5047895.200000000186265 ] ] ] } },
{ "type": "Feature", "properties": { "nomline": "SFMR FASE 4", "progressiv": 2636.509 }, "geometry": { "type": "MultiLineString", "coordinates": [ [ [ 1754479.4, 5129057.799999999813735 ], [ 1754479.4, 5129095.099999999627471 ], [ 1754479.4, 5129203.900000000372529 ], [ 1754486.9, 5129316.400000000372529 ], [ 1754468.1, 5129395.200000000186265 ], [ 1754438.1, 5129462.700000000186265 ], [ 1754396.9, 5129537.700000000186265 ], [ 1754378.1, 5129601.5 ], [ 1754374.4, 5129627.799999999813735 ], [ 1754370.6, 5129657.799999999813735 ], [ 1754393.1, 5129729.099999999627471 ], [ 1754396.0, 5129812.200000000186265 ], [ 1754396.0, 5129837.700000000186265 ], [ 1754399.7, 5129892.5 ], [ 1754388.7, 5129994.799999999813735 ], [ 1754396.0, 5130064.200000000186265 ], [ 1754407.0, 5130130.0 ], [ 1754428.9, 5130192.099999999627471 ], [ 1754465.4, 5130257.799999999813735 ], [ 1754476.4, 5130327.200000000186265 ], [ 1754498.3, 5130360.099999999627471 ], [ 1754505.6, 5130374.700000000186265 ], [ 1754523.9, 5130422.200000000186265 ], [ 1754545.8, 5130517.200000000186265 ], [ 1754556.7, 5130535.5 ], [ 1754564.0, 5130590.299999999813735 ], [ 1754571.3, 5130637.700000000186265 ], [ 1754586.0, 5130696.200000000186265 ], [ 1754629.8, 5130772.900000000372529 ], [ 1754680.9, 5130802.099999999627471 ], [ 1754757.6, 5130835.0 ], [ 1754867.2, 5130882.5 ], [ 1754903.8, 5130919.0 ], [ 1754933.0, 5130966.5 ], [ 1754965.9, 5131043.200000000186265 ], [ 1754987.8, 5131109.0 ], [ 1755035.3, 5131273.400000000372529 ], [ 1755024.3, 5131390.299999999813735 ], [ 1755023.3, 5131427.200000000186265 ] ] ] } },
{ "type": "Feature", "properties": { "nomline": "SFMR FASE 4", "progressiv": 4262.608 }, "geometry": { "type": "MultiLineString", "coordinates": [ [ [ 1734030.0, 5079988.400000000372529 ], [ 1734090.1, 5079786.5 ], [ 1734115.5, 5079701.400000000372529 ], [ 1734147.0, 5079615.599999999627471 ], [ 1734208.0, 5079491.900000000372529 ], [ 1734300.3, 5079339.299999999813735 ], [ 1734422.5, 5079112.900000000372529 ], [ 1734491.5, 5078991.5 ], [ 1734667.6, 5078670.099999999627471 ], [ 1734843.5, 5078353.700000000186265 ], [ 1735062.4, 5077939.900000000372529 ], [ 1735297.1, 5077532.700000000186265 ], [ 1735383.7, 5077372.0 ], [ 1735724.6, 5076786.799999999813735 ], [ 1735874.7, 5076516.400000000372529 ], [ 1735956.0, 5076362.5 ], [ 1736034.4, 5076236.0 ] ] ] } },
{ "type": "Feature", "properties": { "nomline": "SFMR FASE 2", "progressiv": 8059.353 }, "geometry": { "type": "MultiLineString", "coordinates": [ [ [ 1756003.1, 5086546.200000000186265 ], [ 1755689.7, 5086326.799999999813735 ], [ 1755607.3, 5086219.700000000186265 ], [ 1755529.1, 5086075.599999999627471 ], [ 1754837.4, 5083947.0 ], [ 1754508.0, 5083033.0 ], [ 1753306.0, 5079637.900000000372529 ], [ 1753093.6, 5079256.700000000186265 ], [ 1753030.9, 5079142.799999999813735 ] ] ] } },
{ "type": "Feature", "properties": { "nomline": "SFMR FASE 1", "progressiv": 637.07 }, "geometry": { "type": "MultiLineString", "coordinates": [ [ [ 1759653.2, 5049669.099999999627471 ], [ 1759918.1, 5049910.299999999813735 ], [ 1760059.8, 5050045.799999999813735 ], [ 1760119.6, 5050103.0 ] ] ] } },
{ "type": "Feature", "properties": { "nomline": "SFMR FASE 4", "progressiv": 695.41 }, "geometry": { "type": "MultiLineString", "coordinates": [ [ [ 1753313.2, 5119634.400000000372529 ], [ 1753466.0, 5119680.700000000186265 ], [ 1753608.2, 5119713.5 ], [ 1753717.5, 5119735.400000000372529 ], [ 1753815.9, 5119762.700000000186265 ], [ 1753887.0, 5119773.700000000186265 ], [ 1753937.5, 5119775.700000000186265 ], [ 1753991.2, 5119777.799999999813735 ] ] ] } },
{ "type": "Feature", "properties": { "nomline": "SFMR FASE 4", "progressiv": 9574.561 }, "geometry": { "type": "MultiLineString", "coordinates": [ [ [ 1755560.6, 5096785.400000000372529 ], [ 1755697.5, 5096619.599999999627471 ], [ 1755744.6, 5096544.400000000372529 ], [ 1755783.8, 5096439.799999999813735 ], [ 1756046.3, 5095732.400000000372529 ], [ 1756366.7, 5094854.0 ], [ 1756733.7, 5093833.400000000372529 ], [ 1757115.4, 5092773.299999999813735 ], [ 1757315.6, 5092273.599999999627471 ], [ 1757344.4, 5092177.700000000186265 ], [ 1757363.5, 5092074.299999999813735 ], [ 1757376.0, 5091935.599999999627471 ], [ 1757398.4, 5091567.099999999627471 ], [ 1757429.4, 5091059.799999999813735 ], [ 1757466.0, 5090637.700000000186265 ], [ 1757471.4, 5090473.799999999813735 ], [ 1757481.9, 5090384.099999999627471 ], [ 1757524.4, 5090272.599999999627471 ], [ 1757681.6, 5089897.400000000372529 ], [ 1757913.0, 5089342.900000000372529 ], [ 1758067.7, 5088980.599999999627471 ], [ 1758220.5, 5088675.599999999627471 ], [ 1758317.7, 5088450.299999999813735 ], [ 1758367.2, 5088327.799999999813735 ], [ 1758373.5, 5088268.900000000372529 ], [ 1758370.2, 5088198.700000000186265 ], [ 1758351.3, 5088117.900000000372529 ], [ 1758329.6, 5088058.0 ], [ 1758295.6, 5088002.599999999627471 ], [ 1758230.6, 5087950.5 ], [ 1758108.9, 5087853.0 ] ] ] } },
{ "type": "Feature", "properties": { "nomline": "SFMR FASE 2", "progressiv": 2417.679 }, "geometry": { "type": "MultiLineString", "coordinates": [ [ [ 1753030.9, 5079142.799999999813735 ], [ 1752529.1, 5078238.400000000372529 ], [ 1752847.3, 5077002.5 ], [ 1752878.0, 5076899.799999999813735 ] ] ] } },
{ "type": "Feature", "properties": { "nomline": "SFMR FASE 3", "progressiv": 565.184 }, "geometry": { "type": "MultiLineString", "coordinates": [ [ [ 1737445.0, 5073791.5 ], [ 1737673.6, 5073609.5 ], [ 1737887.9, 5073440.400000000372529 ] ] ] } },
{ "type": "Feature", "properties": { "nomline": "SFMR FASE 3", "progressiv": 2950.729 }, "geometry": { "type": "MultiLineString", "coordinates": [ [ [ 1737445.0, 5073791.5 ], [ 1737358.7, 5073883.799999999813735 ], [ 1737329.2, 5073962.599999999627471 ], [ 1737310.7, 5074291.5 ], [ 1737311.9, 5074356.700000000186265 ], [ 1737290.1, 5074555.099999999627471 ], [ 1737270.1, 5074668.400000000372529 ], [ 1737238.8, 5074765.200000000186265 ], [ 1737170.6, 5074855.400000000372529 ], [ 1737031.8, 5074957.400000000372529 ], [ 1736899.8, 5075063.700000000186265 ], [ 1736733.7, 5075194.599999999627471 ], [ 1736598.1, 5075313.799999999813735 ], [ 1736495.2, 5075444.400000000372529 ], [ 1736364.3, 5075662.099999999627471 ], [ 1736262.8, 5075850.900000000372529 ], [ 1736034.4, 5076236.0 ] ] ] } },
{ "type": "Feature", "properties": { "nomline": "SFMR FASE 3", "progressiv": 8173.879 }, "geometry": { "type": "MultiLineString", "coordinates": [ [ [ 1733440.5, 5066764.400000000372529 ], [ 1734241.2, 5067925.700000000186265 ], [ 1735150.4, 5069271.0 ], [ 1735936.6, 5070428.400000000372529 ], [ 1736419.4, 5071145.400000000372529 ], [ 1736599.3, 5071407.900000000372529 ], [ 1736747.6, 5071569.900000000372529 ], [ 1737155.7, 5072048.0 ], [ 1737498.6, 5072434.099999999627471 ], [ 1737861.5, 5072843.099999999627471 ], [ 1737933.9, 5072953.599999999627471 ], [ 1737982.4, 5073081.0 ], [ 1737976.3, 5073221.0 ], [ 1737946.5, 5073327.900000000372529 ], [ 1737887.9, 5073440.400000000372529 ] ] ] } },
{ "type": "Feature", "properties": { "nomline": "SFMR FASE 3", "progressiv": 4406.071 }, "geometry": { "type": "MultiLineString", "coordinates": [ [ [ 1737887.9, 5073440.400000000372529 ], [ 1738286.0, 5073130.599999999627471 ], [ 1741391.2, 5070768.299999999813735 ] ] ] } },
{ "type": "Feature", "properties": { "nomline": "SFMR FASE 3", "progressiv": 5025.999 }, "geometry": { "type": "MultiLineString", "coordinates": [ [ [ 1741391.2, 5070768.299999999813735 ], [ 1741737.4, 5070486.200000000186265 ], [ 1742491.3, 5069755.299999999813735 ], [ 1743990.8, 5068345.299999999813735 ], [ 1745054.0, 5067328.599999999627471 ] ] ] } },
{ "type": "Feature", "properties": { "nomline": "SFMR FASE 3", "progressiv": 3836.925 }, "geometry": { "type": "MultiLineString", "coordinates": [ [ [ 1745054.0, 5067328.599999999627471 ], [ 1747847.1, 5064697.900000000372529 ] ] ] } },
{ "type": "Feature", "properties": { "nomline": "SFMR FASE 4", "progressiv": 719.567 }, "geometry": { "type": "MultiLineString", "coordinates": [ [ [ 1753535.8, 5120301.0 ], [ 1753579.1, 5120127.599999999627471 ], [ 1753752.4, 5119968.799999999813735 ], [ 1753868.1, 5119876.200000000186265 ], [ 1753941.5, 5119817.599999999627471 ], [ 1753991.2, 5119777.799999999813735 ] ] ] } },
{ "type": "Feature", "properties": { "nomline": "SFMR FASE 2", "progressiv": 1203.622 }, "geometry": { "type": "MultiLineString", "coordinates": [ [ [ 1733629.4, 5061717.599999999627471 ], [ 1734826.1, 5061846.5 ] ] ] } },
{ "type": "Feature", "properties": { "nomline": "SFMR FASE 2", "progressiv": 6933.012 }, "geometry": { "type": "MultiLineString", "coordinates": [ [ [ 1734826.1, 5061846.5 ], [ 1736711.4, 5062059.0 ], [ 1737501.4, 5062148.400000000372529 ], [ 1737941.4, 5062196.099999999627471 ], [ 1738814.8, 5062350.400000000372529 ], [ 1740279.7, 5062617.200000000186265 ], [ 1741083.6, 5062756.400000000372529 ], [ 1741353.4, 5062822.5 ], [ 1741506.4, 5062829.400000000372529 ], [ 1741680.0, 5062804.099999999627471 ] ] ] } },
{ "type": "Feature", "properties": { "nomline": "SFMR FASE 2", "progressiv": 4681.09 }, "geometry": { "type": "MultiLineString", "coordinates": [ [ [ 1741680.0, 5062804.099999999627471 ], [ 1742300.1, 5062722.5 ], [ 1743400.6, 5062567.299999999813735 ], [ 1745188.7, 5062322.5 ], [ 1746316.6, 5062160.5 ] ] ] } },
{ "type": "Feature", "properties": { "nomline": "SFMR FASE 2", "progressiv": 1370.194 }, "geometry": { "type": "MultiLineString", "coordinates": [ [ [ 1752844.4, 5061390.0 ], [ 1753205.4, 5061410.099999999627471 ], [ 1753320.6, 5061435.299999999813735 ], [ 1753434.1, 5061475.400000000372529 ], [ 1753526.9, 5061555.700000000186265 ], [ 1753734.6, 5061778.5 ], [ 1753788.3, 5061880.099999999627471 ], [ 1753807.4, 5062107.400000000372529 ] ] ] } },
{ "type": "Feature", "properties": { "nomline": "SFMR FASE 4", "progressiv": 1149.093 }, "geometry": { "type": "MultiLineString", "coordinates": [ [ [ 1753508.3, 5121444.099999999627471 ], [ 1753492.4, 5121211.0 ], [ 1753506.9, 5120835.400000000372529 ], [ 1753521.3, 5120575.400000000372529 ], [ 1753534.0, 5120335.099999999627471 ], [ 1753535.7, 5120296.599999999627471 ] ] ] } },
{ "type": "Feature", "properties": { "nomline": "SFMR FASE 1", "progressiv": 542.202 }, "geometry": { "type": "MultiLineString", "coordinates": [ [ [ 1752039.9, 5055150.5 ], [ 1752038.3, 5054608.299999999813735 ] ] ] } },
{ "type": "Feature", "properties": { "nomline": "SFMR FASE 1", "progressiv": 6929.78 }, "geometry": { "type": "MultiLineString", "coordinates": [ [ [ 1752039.9, 5055150.5 ], [ 1752063.9, 5056155.599999999627471 ], [ 1752076.0, 5056975.799999999813735 ], [ 1752024.2, 5057836.200000000186265 ], [ 1751896.9, 5059980.900000000372529 ], [ 1751859.2, 5060724.700000000186265 ], [ 1751867.3, 5060858.299999999813735 ], [ 1751996.5, 5061113.599999999627471 ], [ 1752062.6, 5061205.799999999813735 ], [ 1752259.2, 5061316.700000000186265 ], [ 1752844.4, 5061390.0 ] ] ] } },
{ "type": "Feature", "properties": { "nomline": "SFMR FASE 2", "progressiv": 4957.434 }, "geometry": { "type": "MultiLineString", "coordinates": [ [ [ 1753807.4, 5062107.400000000372529 ], [ 1753849.8, 5062578.200000000186265 ], [ 1753940.2, 5063213.5 ], [ 1754012.9, 5064206.799999999813735 ], [ 1754104.8, 5065331.099999999627471 ], [ 1754182.6, 5066298.599999999627471 ], [ 1754233.0, 5067045.299999999813735 ] ] ] } },
{ "type": "Feature", "properties": { "nomline": "SFMR FASE 2", "progressiv": 2620.169 }, "geometry": { "type": "MultiLineString", "coordinates": [ [ [ 1752878.0, 5076899.799999999813735 ], [ 1753266.6, 5075532.400000000372529 ], [ 1753335.8, 5075440.299999999813735 ], [ 1753880.4, 5074750.200000000186265 ], [ 1753959.4, 5074641.5 ], [ 1754000.9, 5074585.200000000186265 ] ] ] } },
{ "type": "Feature", "properties": { "nomline": "SFMR FASE 2", "progressiv": 7566.015 }, "geometry": { "type": "MultiLineString", "coordinates": [ [ [ 1754000.9, 5074585.200000000186265 ], [ 1754069.9, 5074453.0 ], [ 1754094.4, 5074305.799999999813735 ], [ 1754114.8, 5074070.299999999813735 ], [ 1754148.0, 5073247.099999999627471 ], [ 1754226.2, 5071101.200000000186265 ], [ 1754309.8, 5068856.400000000372529 ], [ 1754313.1, 5068302.400000000372529 ], [ 1754290.9, 5067849.5 ], [ 1754233.0, 5067045.299999999813735 ] ] ] } },
{ "type": "Feature", "properties": { "nomline": "SFMR FASE 1", "progressiv": 2536.149 }, "geometry": { "type": "MultiLineString", "coordinates": [ [ [ 1753747.2, 5044405.099999999627471 ], [ 1753779.7, 5044441.200000000186265 ], [ 1753946.6, 5044610.799999999813735 ], [ 1754069.1, 5044743.299999999813735 ], [ 1754200.4, 5044855.200000000186265 ], [ 1754513.9, 5045132.299999999813735 ], [ 1754809.9, 5045396.599999999627471 ], [ 1755133.5, 5045672.200000000186265 ], [ 1755506.9, 5045997.900000000372529 ], [ 1755553.4, 5046043.200000000186265 ], [ 1755622.2, 5046110.099999999627471 ] ] ] } },
{ "type": "Feature", "properties": { "nomline": "SFMR FASE 4", "progressiv": 2026.36 }, "geometry": { "type": "MultiLineString", "coordinates": [ [ [ 1733424.1, 5081921.900000000372529 ], [ 1733498.0, 5081686.299999999813735 ], [ 1733634.1, 5081258.200000000186265 ], [ 1733774.3, 5080804.200000000186265 ], [ 1733857.1, 5080535.200000000186265 ], [ 1733896.8, 5080391.599999999627471 ], [ 1733978.8, 5080143.5 ], [ 1734005.6, 5080062.200000000186265 ], [ 1734030.0, 5079988.400000000372529 ] ] ] } },
{ "type": "Feature", "properties": { "nomline": "SFMR FASE 4", "progressiv": 2478.386 }, "geometry": { "type": "MultiLineString", "coordinates": [ [ [ 1756003.1, 5086546.200000000186265 ], [ 1756764.2, 5087016.799999999813735 ], [ 1757345.7, 5087385.299999999813735 ], [ 1757722.0, 5087613.400000000372529 ], [ 1758108.9, 5087853.0 ] ] ] } },
{ "type": "Feature", "properties": { "nomline": "SFMR FASE 4", "progressiv": 480.122 }, "geometry": { "type": "MultiLineString", "coordinates": [ [ [ 1758108.9, 5087853.0 ], [ 1758333.8, 5087975.0 ], [ 1758536.0, 5088072.0 ] ] ] } },
{ "type": "Feature", "properties": { "nomline": "SFMR FASE 4", "progressiv": 1135.371 }, "geometry": { "type": "MultiLineString", "coordinates": [ [ [ 1754775.5, 5099236.5 ], [ 1754725.2, 5099054.900000000372529 ], [ 1754734.9, 5098960.200000000186265 ], [ 1754752.6, 5098867.799999999813735 ], [ 1754781.8, 5098736.799999999813735 ], [ 1754834.5, 5098621.700000000186265 ], [ 1754888.5, 5098498.700000000186265 ], [ 1754955.9, 5098390.299999999813735 ], [ 1755048.1, 5098264.799999999813735 ], [ 1755099.6, 5098204.700000000186265 ] ] ] } },
{ "type": "Feature", "properties": { "nomline": "SFMR FASE 4", "progressiv": 1563.879 }, "geometry": { "type": "MultiLineString", "coordinates": [ [ [ 1755099.6, 5098204.700000000186265 ], [ 1755239.4, 5098016.0 ], [ 1755258.9, 5097979.799999999813735 ], [ 1755265.8, 5097907.0 ], [ 1755269.4, 5097763.900000000372529 ], [ 1755272.8, 5097703.0 ], [ 1755318.0, 5097623.700000000186265 ], [ 1755352.3, 5097568.0 ], [ 1755376.8, 5097505.900000000372529 ], [ 1755393.8, 5097457.5 ], [ 1755389.0, 5097350.200000000186265 ], [ 1755367.2, 5097264.200000000186265 ], [ 1755353.6, 5097177.599999999627471 ], [ 1755368.1, 5097088.099999999627471 ], [ 1755398.0, 5097018.200000000186265 ], [ 1755443.6, 5096928.900000000372529 ], [ 1755560.6, 5096785.400000000372529 ] ] ] } },
{ "type": "Feature", "properties": { "nomline": "SFMR FASE 4", "progressiv": 2574.143 }, "geometry": { "type": "MultiLineString", "coordinates": [ [ [ 1728505.9, 5086548.599999999627471 ], [ 1728519.4, 5086338.0 ], [ 1728579.6, 5086134.099999999627471 ], [ 1728638.7, 5086022.5 ], [ 1728843.7, 5085852.299999999813735 ], [ 1729155.5, 5085604.599999999627471 ], [ 1729521.8, 5085300.299999999813735 ], [ 1729642.6, 5085221.5 ], [ 1729772.3, 5085124.099999999627471 ], [ 1729959.6, 5085015.200000000186265 ], [ 1730065.2, 5084916.700000000186265 ], [ 1730121.8, 5084792.900000000372529 ], [ 1730157.1, 5084721.400000000372529 ] ] ] } },
{ "type": "Feature", "properties": { "nomline": "SFMR FASE 4", "progressiv": 3545.528 }, "geometry": { "type": "MultiLineString", "coordinates": [ [ [ 1730157.1, 5084721.400000000372529 ], [ 1730209.9, 5084592.400000000372529 ], [ 1730314.4, 5084338.5 ], [ 1730385.3, 5084186.299999999813735 ], [ 1730442.2, 5084099.599999999627471 ], [ 1730487.7, 5084024.400000000372529 ], [ 1730622.1, 5083910.200000000186265 ], [ 1730723.1, 5083847.599999999627471 ], [ 1730825.4, 5083801.0 ], [ 1730997.5, 5083740.599999999627471 ], [ 1731109.3, 5083706.5 ], [ 1731294.4, 5083647.700000000186265 ], [ 1731443.3, 5083592.200000000186265 ], [ 1731626.4, 5083532.299999999813735 ], [ 1731940.7, 5083475.200000000186265 ], [ 1732124.5, 5083445.400000000372529 ], [ 1732235.9, 5083420.299999999813735 ], [ 1732361.2, 5083354.700000000186265 ], [ 1732462.1, 5083249.0 ], [ 1732605.8, 5083083.0 ], [ 1732708.9, 5082951.299999999813735 ], [ 1732838.9, 5082767.400000000372529 ] ] ] } },
{ "type": "Feature", "properties": { "nomline": "SFMR FASE 3", "progressiv": 5722.925 }, "geometry": { "type": "MultiLineString", "coordinates": [ [ [ 1719454.0, 5066760.700000000186265 ], [ 1719925.7, 5066430.599999999627471 ], [ 1722891.5, 5064294.900000000372529 ], [ 1724106.0, 5063427.5 ] ] ] } },
{ "type": "Feature", "properties": { "nomline": "SFMR FASE 3", "progressiv": 4210.955 }, "geometry": { "type": "MultiLineString", "coordinates": [ [ [ 1724106.0, 5063427.5 ], [ 1726221.0, 5061918.299999999813735 ], [ 1727244.6, 5061200.099999999627471 ], [ 1727459.3, 5061056.799999999813735 ], [ 1727558.6, 5061025.400000000372529 ] ] ] } },
{ "type": "Feature", "properties": { "nomline": "SFMR FASE 2", "progressiv": 2927.732 }, "geometry": { "type": "MultiLineString", "coordinates": [ [ [ 1727558.6, 5061025.400000000372529 ], [ 1727339.7, 5060983.200000000186265 ], [ 1726842.3, 5060858.299999999813735 ], [ 1726636.1, 5060796.5 ], [ 1724726.3, 5060286.599999999627471 ] ] ] } },
{ "type": "Feature", "properties": { "nomline": "SFMR FASE 1", "progressiv": 1051.499 }, "geometry": { "type": "MultiLineString", "coordinates": [ [ [ 1727558.6, 5061025.400000000372529 ], [ 1728595.4, 5061200.599999999627471 ] ] ] } },
{ "type": "Feature", "properties": { "nomline": "SFMR FASE 3", "progressiv": 281.708 }, "geometry": { "type": "MultiLineString", "coordinates": [ [ [ 1729306.5, 5061321.400000000372529 ], [ 1729029.9, 5061268.0 ] ] ] } },
{ "type": "Feature", "properties": { "nomline": "SFMR FASE 1", "progressiv": 439.696 }, "geometry": { "type": "MultiLineString", "coordinates": [ [ [ 1729029.9, 5061268.0 ], [ 1728595.4, 5061200.599999999627471 ] ] ] } },
{ "type": "Feature", "properties": { "nomline": "SFMR FASE 2", "progressiv": 2133.635 }, "geometry": { "type": "MultiLineString", "coordinates": [ [ [ 1722645.9, 5059818.099999999627471 ], [ 1722707.2, 5059831.299999999813735 ], [ 1722773.0, 5059840.799999999813735 ], [ 1723279.7, 5059931.299999999813735 ], [ 1723855.7, 5060067.700000000186265 ], [ 1723955.8, 5060091.700000000186265 ], [ 1724424.1, 5060204.099999999627471 ], [ 1724653.6, 5060266.099999999627471 ], [ 1724726.3, 5060286.599999999627471 ] ] ] } },
{ "type": "Feature", "properties": { "nomline": "SFMR FASE 3", "progressiv": 6002.335 }, "geometry": { "type": "MultiLineString", "coordinates": [ [ [ 1729306.5, 5061321.400000000372529 ], [ 1729450.8, 5061377.900000000372529 ], [ 1729605.3, 5061454.900000000372529 ], [ 1729709.7, 5061530.900000000372529 ], [ 1729824.4, 5061653.5 ], [ 1729952.8, 5061813.599999999627471 ], [ 1730549.1, 5062603.599999999627471 ], [ 1731342.0, 5063687.599999999627471 ], [ 1732470.4, 5065321.299999999813735 ], [ 1732946.3, 5066030.599999999627471 ] ] ] } },
{ "type": "Feature", "properties": { "nomline": "SFMR FASE 3", "progressiv": 884.701 }, "geometry": { "type": "MultiLineString", "coordinates": [ [ [ 1732946.3, 5066030.599999999627471 ], [ 1733440.5, 5066764.400000000372529 ] ] ] } },
{ "type": "Feature", "properties": { "nomline": "SFMR FASE 2", "progressiv": 4341.808 }, "geometry": { "type": "MultiLineString", "coordinates": [ [ [ 1729306.5, 5061321.400000000372529 ], [ 1729555.4, 5061339.799999999813735 ], [ 1730141.8, 5061415.900000000372529 ], [ 1730956.7, 5061467.400000000372529 ], [ 1733629.4, 5061717.599999999627471 ] ] ] } },
{ "type": "Feature", "properties": { "nomline": "SFMR FASE 4", "progressiv": 361.366 }, "geometry": { "type": "MultiLineString", "coordinates": [ [ [ 1752959.3, 5119563.200000000186265 ], [ 1752974.0, 5119565.900000000372529 ], [ 1753176.3, 5119604.200000000186265 ], [ 1753266.6, 5119628.799999999813735 ], [ 1753313.2, 5119634.400000000372529 ] ] ] } },
{ "type": "Feature", "properties": { "nomline": "SFMR FASE 4", "progressiv": 2158.04 }, "geometry": { "type": "MultiLineString", "coordinates": [ [ [ 1756374.1, 5105084.900000000372529 ], [ 1756481.3, 5105226.799999999813735 ], [ 1756597.2, 5105368.700000000186265 ], [ 1756689.8, 5105418.0 ], [ 1756799.9, 5105478.799999999813735 ], [ 1756895.5, 5105530.900000000372529 ], [ 1756988.2, 5105585.900000000372529 ], [ 1757049.0, 5105669.900000000372529 ], [ 1757066.4, 5105696.0 ], [ 1757159.1, 5105835.0 ], [ 1757254.6, 5105965.400000000372529 ], [ 1757274.9, 5106032.0 ], [ 1757364.7, 5106165.200000000186265 ], [ 1757463.2, 5106298.5 ], [ 1757553.0, 5106420.099999999627471 ], [ 1757671.7, 5106536.0 ], [ 1757756.6, 5106686.5 ] ] ] } },
{ "type": "Feature", "properties": { "nomline": "SFMR FASE 4", "progressiv": 6862.091 }, "geometry": { "type": "MultiLineString", "coordinates": [ [ [ 1756374.1, 5105084.900000000372529 ], [ 1756316.2, 5104986.400000000372529 ], [ 1756293.0, 5104937.099999999627471 ], [ 1756209.0, 5104856.0 ], [ 1756122.2, 5104748.900000000372529 ], [ 1755955.3, 5104616.400000000372529 ], [ 1755902.3, 5104503.599999999627471 ], [ 1755902.3, 5104404.0 ], [ 1755955.3, 5104264.599999999627471 ], [ 1756041.6, 5104151.799999999813735 ], [ 1756141.2, 5103966.0 ], [ 1756214.2, 5103846.5 ], [ 1756247.4, 5103753.599999999627471 ], [ 1756247.4, 5103660.599999999627471 ], [ 1756181.0, 5103594.299999999813735 ], [ 1756134.5, 5103415.099999999627471 ], [ 1756054.9, 5103249.099999999627471 ], [ 1756008.4, 5103142.900000000372529 ], [ 1755968.6, 5102996.900000000372529 ], [ 1755902.3, 5102791.200000000186265 ], [ 1755849.2, 5102625.299999999813735 ], [ 1755796.1, 5102545.599999999627471 ], [ 1755663.3, 5102386.299999999813735 ], [ 1755570.4, 5102187.200000000186265 ], [ 1755484.1, 5102094.299999999813735 ], [ 1755391.2, 5101981.5 ], [ 1755285.0, 5101795.599999999627471 ], [ 1755231.9, 5101709.299999999813735 ], [ 1755152.3, 5101629.700000000186265 ], [ 1755085.9, 5101503.599999999627471 ], [ 1755059.4, 5101377.5 ], [ 1755019.5, 5101244.700000000186265 ], [ 1754959.8, 5101131.900000000372529 ], [ 1754840.3, 5100946.099999999627471 ], [ 1754701.0, 5100813.299999999813735 ], [ 1754574.8, 5100693.900000000372529 ], [ 1754488.6, 5100574.400000000372529 ], [ 1754402.3, 5100428.400000000372529 ], [ 1754316.0, 5100269.099999999627471 ], [ 1754309.4, 5100136.299999999813735 ], [ 1754335.9, 5099930.599999999627471 ], [ 1754375.7, 5099771.299999999813735 ], [ 1754395.6, 5099651.799999999813735 ], [ 1754455.4, 5099525.700000000186265 ], [ 1754561.6, 5099393.0 ], [ 1754681.0, 5099300.099999999627471 ], [ 1754775.5, 5099236.5 ] ] ] } },
{ "type": "Feature", "properties": { "nomline": "SFMR FASE 4", "progressiv": 1197.414 }, "geometry": { "type": "MultiLineString", "coordinates": [ [ [ 1757719.4, 5107576.0 ], [ 1757860.9, 5107492.400000000372529 ], [ 1757987.6, 5107424.299999999813735 ], [ 1758064.9, 5107350.099999999627471 ], [ 1758092.7, 5107251.200000000186265 ], [ 1758089.6, 5107121.400000000372529 ], [ 1758046.4, 5107059.5 ], [ 1757990.7, 5106960.599999999627471 ], [ 1757891.8, 5106849.299999999813735 ], [ 1757756.6, 5106686.5 ] ] ] } },
{ "type": "Feature", "properties": { "nomline": "SFMR FASE 4", "progressiv": 918.821 }, "geometry": { "type": "MultiLineString", "coordinates": [ [ [ 1757639.7, 5108456.599999999627471 ], [ 1757633.8, 5108042.900000000372529 ], [ 1757616.7, 5107868.700000000186265 ], [ 1757613.8, 5107803.0 ], [ 1757609.5, 5107748.700000000186265 ], [ 1757620.9, 5107698.799999999813735 ], [ 1757648.1, 5107655.900000000372529 ], [ 1757668.1, 5107624.5 ], [ 1757719.4, 5107576.0 ] ] ] } },
{ "type": "Feature", "properties": { "nomline": "SFMR FASE 1", "progressiv": 3676.657 }, "geometry": { "type": "MultiLineString", "coordinates": [ [ [ 1749100.0, 5040990.400000000372529 ], [ 1748992.3, 5040882.700000000186265 ], [ 1748896.5, 5040655.299999999813735 ], [ 1748848.7, 5040427.900000000372529 ], [ 1748657.2, 5039554.200000000186265 ], [ 1748549.4, 5039159.200000000186265 ], [ 1748441.7, 5038800.099999999627471 ], [ 1748262.2, 5038572.700000000186265 ], [ 1748022.8, 5038393.200000000186265 ], [ 1747474.0, 5037977.200000000186265 ], [ 1747403.499859456904233, 5037923.11788254417479 ] ] ] } },
{ "type": "Feature", "properties": { "nomline": "SFMR FASE 4", "progressiv": 8567.323 }, "geometry": { "type": "MultiLineString", "coordinates": [ [ [ 1760308.3, 5148977.0 ], [ 1760180.1, 5148596.299999999813735 ], [ 1760072.5, 5148270.5 ], [ 1760013.0, 5148034.599999999627471 ], [ 1759956.7, 5147853.0 ], [ 1759952.1, 5147779.599999999627471 ], [ 1759999.4, 5147685.700000000186265 ], [ 1760022.3, 5147660.400000000372529 ], [ 1760043.2, 5147607.900000000372529 ], [ 1760066.2, 5147547.400000000372529 ], [ 1760096.2, 5147461.0 ], [ 1760137.1, 5147255.599999999627471 ], [ 1760129.9, 5147140.900000000372529 ], [ 1760117.0, 5147044.099999999627471 ], [ 1760097.1, 5146980.200000000186265 ], [ 1760031.2, 5146905.700000000186265 ], [ 1759996.9, 5146792.099999999627471 ], [ 1759999.1, 5146751.900000000372529 ], [ 1760010.7, 5146656.700000000186265 ], [ 1760030.8, 5146508.5 ], [ 1760049.9, 5146401.299999999813735 ], [ 1760081.7, 5146289.900000000372529 ], [ 1760106.0, 5146224.5 ], [ 1760123.2, 5146158.799999999813735 ], [ 1760124.8, 5146080.5 ], [ 1760119.9, 5146016.099999999627471 ], [ 1760068.0, 5145946.099999999627471 ], [ 1759981.2, 5145839.799999999813735 ], [ 1759818.8, 5145678.799999999813735 ], [ 1759788.7, 5145619.599999999627471 ], [ 1759750.0, 5145545.0 ], [ 1759666.3, 5145434.799999999813735 ], [ 1759580.9, 5145345.700000000186265 ], [ 1759502.3, 5145290.900000000372529 ], [ 1759411.4, 5145247.700000000186265 ], [ 1759288.1, 5145210.5 ], [ 1759198.4, 5145160.299999999813735 ], [ 1759119.5, 5145089.5 ], [ 1759051.6, 5145015.900000000372529 ], [ 1759028.8, 5144946.900000000372529 ], [ 1759004.2, 5144871.799999999813735 ], [ 1758998.4, 5144804.299999999813735 ], [ 1759000.0, 5144664.799999999813735 ], [ 1759011.9, 5144607.0 ], [ 1759017.4, 5144532.900000000372529 ], [ 1758987.3, 5144321.099999999627471 ], [ 1758917.0, 5144169.099999999627471 ], [ 1758863.6, 5144112.200000000186265 ], [ 1758728.3, 5144015.299999999813735 ], [ 1758604.4, 5143996.200000000186265 ], [ 1758492.3, 5144016.5 ], [ 1758420.3, 5144038.299999999813735 ], [ 1758317.5, 5144051.900000000372529 ], [ 1758235.8, 5144033.200000000186265 ], [ 1758164.4, 5144005.700000000186265 ], [ 1758062.7, 5144013.400000000372529 ], [ 1757969.9, 5144057.5 ], [ 1757866.4, 5144090.200000000186265 ], [ 1757767.4, 5144139.200000000186265 ], [ 1757626.9, 5144228.900000000372529 ], [ 1757502.1, 5144328.200000000186265 ], [ 1757301.6, 5144442.0 ], [ 1757092.3, 5144486.299999999813735 ], [ 1756990.1, 5144448.799999999813735 ], [ 1756913.1, 5144411.099999999627471 ], [ 1756854.5, 5144360.0 ], [ 1756809.5, 5144265.099999999627471 ], [ 1756803.7, 5144197.599999999627471 ], [ 1756813.0, 5144128.700000000186265 ], [ 1756847.7, 5144048.5 ], [ 1756893.2, 5144008.799999999813735 ], [ 1756935.2, 5143984.099999999627471 ], [ 1756985.8, 5143942.599999999627471 ], [ 1757040.1, 5143908.299999999813735 ], [ 1757065.5, 5143900.099999999627471 ], [ 1757150.4, 5143884.5 ], [ 1757269.5, 5143862.599999999627471 ] ] ] } },
{ "type": "Feature", "properties": { "nomline": "SFMR FASE 3", "progressiv": 8895.778 }, "geometry": { "type": "MultiLineString", "coordinates": [ [ [ 1743121.9, 5002703.700000000186265 ], [ 1743138.3, 5002632.200000000186265 ], [ 1743149.3, 5002529.700000000186265 ], [ 1743189.6, 5001419.799999999813735 ], [ 1743171.3, 5001251.299999999813735 ], [ 1743131.0, 5001071.799999999813735 ], [ 1743043.1, 5000683.5 ], [ 1742797.7, 4999588.299999999813735 ], [ 1742441.7, 4997978.0 ], [ 1742387.0, 4997748.299999999813735 ], [ 1742357.8, 4997620.599999999627471 ], [ 1742328.6, 4997518.5 ], [ 1742273.9, 4997361.700000000186265 ], [ 1742217.1, 4997217.0 ], [ 1742184.6, 4997131.900000000372529 ], [ 1742147.7, 4997036.799999999813735 ], [ 1741573.7, 4995523.700000000186265 ], [ 1741214.2, 4994575.799999999813735 ], [ 1741135.3, 4994423.0 ], [ 1741104.7, 4994376.200000000186265 ], [ 1741058.8, 4994335.5 ], [ 1741021.1, 4994308.400000000372529 ], [ 1740948.5, 4994266.900000000372529 ], [ 1740908.3, 4994244.0 ] ] ] } },
{ "type": "Feature", "properties": { "nomline": "SFMR FASE 3", "progressiv": 5830.257 }, "geometry": { "type": "MultiLineString", "coordinates": [ [ [ 1739620.3, 5009335.599999999627471 ], [ 1740057.8, 5008569.200000000186265 ], [ 1741376.7, 5006242.0 ], [ 1741700.4, 5005687.599999999627471 ], [ 1741962.5, 5005217.099999999627471 ], [ 1742258.3, 5004696.099999999627471 ], [ 1742370.9, 5004495.400000000372529 ], [ 1742431.6, 5004342.599999999627471 ], [ 1742454.4, 5004301.299999999813735 ], [ 1742479.3, 5004256.299999999813735 ] ] ] } },
{ "type": "Feature", "properties": { "nomline": "SFMR FASE 3", "progressiv": 257.132 }, "geometry": { "type": "MultiLineString", "coordinates": [ [ [ 1742479.3, 5004256.299999999813735 ], [ 1742535.6, 5004107.400000000372529 ], [ 1742570.8, 5004016.0 ] ] ] } },
{ "type": "Feature", "properties": { "nomline": "SFMR FASE 3", "progressiv": 1785.647 }, "geometry": { "type": "MultiLineString", "coordinates": [ [ [ 1739552.2, 5011372.099999999627471 ], [ 1739480.3, 5010653.400000000372529 ], [ 1739455.8, 5010431.799999999813735 ], [ 1739425.6, 5010137.299999999813735 ], [ 1739408.6, 5009950.299999999813735 ], [ 1739399.1, 5009812.5 ], [ 1739404.8, 5009744.5 ], [ 1739437.3, 5009677.700000000186265 ], [ 1739470.5, 5009609.400000000372529 ] ] ] } },
{ "type": "Feature", "properties": { "nomline": "SFMR FASE 3", "progressiv": 313.456 }, "geometry": { "type": "MultiLineString", "coordinates": [ [ [ 1739470.5, 5009609.400000000372529 ], [ 1739527.6, 5009525.700000000186265 ], [ 1739551.3, 5009491.900000000372529 ], [ 1739571.7, 5009445.299999999813735 ], [ 1739620.3, 5009335.599999999627471 ] ] ] } },
{ "type": "Feature", "properties": { "nomline": "SFMR FASE 3", "progressiv": 2269.164 }, "geometry": { "type": "MultiLineString", "coordinates": [ [ [ 1737629.1, 5014379.700000000186265 ], [ 1737638.4, 5014363.400000000372529 ], [ 1737767.4, 5014151.299999999813735 ], [ 1737925.1, 5013901.799999999813735 ], [ 1738022.6, 5013752.700000000186265 ], [ 1738108.6, 5013646.599999999627471 ], [ 1738398.2, 5013402.900000000372529 ], [ 1738469.9, 5013374.200000000186265 ], [ 1738888.5, 5013334.099999999627471 ], [ 1739077.7, 5013314.0 ], [ 1739183.8, 5013288.200000000186265 ], [ 1739276.0, 5013251.299999999813735 ], [ 1739382.8, 5013202.900000000372529 ] ] ] } },
{ "type": "Feature", "properties": { "nomline": "SFMR FASE 4", "progressiv": 1212.953 }, "geometry": { "type": "MultiLineString", "coordinates": [ [ [ 1706932.7, 5082739.5 ], [ 1706825.3, 5082591.099999999627471 ], [ 1706759.2, 5082509.700000000186265 ], [ 1706723.0, 5082451.799999999813735 ], [ 1706677.0, 5082329.299999999813735 ], [ 1706641.4, 5082218.400000000372529 ], [ 1706613.8, 5082028.700000000186265 ], [ 1706618.6, 5081911.700000000186265 ], [ 1706634.0, 5081863.400000000372529 ], [ 1706703.6, 5081712.599999999627471 ], [ 1706722.2, 5081692.0 ], [ 1706759.3, 5081650.099999999627471 ] ] ] } },
{ "type": "Feature", "properties": { "nomline": "SFMR FASE 3", "progressiv": 1293.555 }, "geometry": { "type": "MultiLineString", "coordinates": [ [ [ 1737662.2, 5015622.900000000372529 ], [ 1737641.2, 5015504.599999999627471 ], [ 1737604.0, 5015344.099999999627471 ], [ 1737532.3, 5015014.299999999813735 ], [ 1737495.0, 5014816.5 ], [ 1737495.0, 5014687.400000000372529 ], [ 1737506.5, 5014595.700000000186265 ], [ 1737579.7, 5014466.799999999813735 ], [ 1737629.4, 5014379.900000000372529 ] ] ] } },
{ "type": "Feature", "properties": { "nomline": "SFMR FASE 3", "progressiv": 2923.527 }, "geometry": { "type": "MultiLineString", "coordinates": [ [ [ 1739388.3, 5022938.0 ], [ 1739348.6, 5022877.200000000186265 ], [ 1739041.7, 5022398.400000000372529 ], [ 1738988.8, 5022308.0 ], [ 1738963.7, 5022265.799999999813735 ], [ 1738951.6, 5022232.299999999813735 ], [ 1738881.5, 5022037.799999999813735 ], [ 1738681.5, 5021353.299999999813735 ], [ 1738532.9, 5020838.099999999627471 ], [ 1738520.0, 5020663.700000000186265 ], [ 1738527.7, 5020492.0 ], [ 1738521.3, 5020327.5 ], [ 1738516.4, 5020202.299999999813735 ] ] ] } },
{ "type": "Feature", "properties": { "nomline": "SFMR FASE 3", "progressiv": 1065.43 }, "geometry": { "type": "MultiLineString", "coordinates": [ [ [ 1742270.2, 5028367.599999999627471 ], [ 1742240.9, 5028118.599999999627471 ], [ 1742231.2, 5028035.200000000186265 ], [ 1742202.1, 5027705.200000000186265 ], [ 1742181.5, 5027462.599999999627471 ], [ 1742174.9, 5027395.900000000372529 ], [ 1742164.0, 5027307.599999999627471 ] ] ] } },
{ "type": "Feature", "properties": { "nomline": "SFMR FASE 3", "progressiv": 3922.024 }, "geometry": { "type": "MultiLineString", "coordinates": [ [ [ 1745595.6, 5035207.299999999813735 ], [ 1745533.3, 5035149.599999999627471 ], [ 1745234.1, 5034814.5 ], [ 1744827.1, 5034335.799999999813735 ], [ 1744312.5, 5033617.599999999627471 ], [ 1743845.7, 5032863.599999999627471 ], [ 1743376.4, 5032062.299999999813735 ], [ 1743345.8, 5032010.0 ] ] ] } },
{ "type": "Feature", "properties": { "nomline": "SFMR FASE 3", "progressiv": 2981.168 }, "geometry": { "type": "MultiLineString", "coordinates": [ [ [ 1741439.9, 5025060.400000000372529 ], [ 1741422.7, 5025015.900000000372529 ], [ 1741373.9, 5024907.099999999627471 ], [ 1741328.0, 5024825.299999999813735 ], [ 1741300.4, 5024787.200000000186265 ], [ 1741237.9, 5024719.799999999813735 ], [ 1740208.8, 5023818.700000000186265 ], [ 1739776.8, 5023435.799999999813735 ], [ 1739652.6, 5023331.0 ], [ 1739592.7, 5023247.599999999627471 ], [ 1739526.4, 5023149.099999999627471 ], [ 1739430.2, 5023002.099999999627471 ], [ 1739392.1, 5022935.5 ] ] ] } },
{ "type": "Feature", "properties": { "nomline": "SFMR FASE 3", "progressiv": 2014.45 }, "geometry": { "type": "MultiLineString", "coordinates": [ [ [ 1742479.0, 5030371.200000000186265 ], [ 1742278.7, 5028448.700000000186265 ], [ 1742270.2, 5028367.599999999627471 ] ] ] } },
{ "type": "Feature", "properties": { "nomline": "SFMR FASE 3", "progressiv": 4155.153 }, "geometry": { "type": "MultiLineString", "coordinates": [ [ [ 1708269.5, 5042634.299999999813735 ], [ 1709112.0, 5042130.5 ], [ 1710869.8, 5041126.5 ], [ 1711109.6, 5040986.400000000372529 ], [ 1711765.1, 5040597.400000000372529 ], [ 1711859.0, 5040541.599999999627471 ] ] ] } },
{ "type": "Feature", "properties": { "nomline": "SFMR FASE 3", "progressiv": 4611.098 }, "geometry": { "type": "MultiLineString", "coordinates": [ [ [ 1747847.1, 5064697.900000000372529 ], [ 1749129.4, 5063486.599999999627471 ], [ 1750064.2, 5062585.400000000372529 ], [ 1750540.7, 5062120.700000000186265 ], [ 1750676.0, 5061940.400000000372529 ], [ 1750712.2, 5061890.900000000372529 ], [ 1750779.0, 5061830.799999999813735 ], [ 1750975.4, 5061765.400000000372529 ], [ 1751057.4, 5061750.700000000186265 ], [ 1751270.2, 5061712.599999999627471 ] ] ] } },
{ "type": "Feature", "properties": { "nomline": "SFMR FASE 1", "progressiv": 5377.669 }, "geometry": { "type": "MultiLineString", "coordinates": [ [ [ 1755622.2, 5046110.099999999627471 ], [ 1756590.0, 5046956.599999999627471 ], [ 1757049.0, 5047365.299999999813735 ], [ 1757486.8, 5047754.0 ], [ 1758061.2, 5048250.799999999813735 ], [ 1758527.7, 5048647.700000000186265 ], [ 1759274.5, 5049324.299999999813735 ], [ 1759559.9, 5049584.200000000186265 ], [ 1759656.0, 5049666.0 ] ] ] } },
{ "type": "Feature", "properties": { "nomline": "SFMR FASE 1", "progressiv": 2438.111 }, "geometry": { "type": "MultiLineString", "coordinates": [ [ [ 1752559.5, 5041648.400000000372529 ], [ 1752966.9, 5041520.700000000186265 ], [ 1753341.0, 5041406.799999999813735 ], [ 1753635.4, 5041305.599999999627471 ], [ 1753864.2, 5041216.799999999813735 ], [ 1753952.5, 5041160.299999999813735 ], [ 1754012.2, 5041120.599999999627471 ], [ 1754193.2, 5040944.5 ], [ 1754420.0, 5040721.0 ], [ 1754496.0, 5040646.900000000372529 ], [ 1754562.2, 5040591.5 ], [ 1754638.0, 5040546.700000000186265 ], [ 1754668.1, 5040528.099999999627471 ] ] ] } },
{ "type": "Feature", "properties": { "nomline": "SFMR FASE 4", "progressiv": 3277.673 }, "geometry": { "type": "MultiLineString", "coordinates": [ [ [ 1753997.8, 5125946.299999999813735 ], [ 1753995.8, 5125946.299999999813735 ], [ 1753995.8, 5125957.900000000372529 ], [ 1753980.1, 5126048.200000000186265 ], [ 1753976.2, 5126099.299999999813735 ], [ 1753980.1, 5126158.200000000186265 ], [ 1754003.7, 5126236.799999999813735 ], [ 1754031.2, 5126291.700000000186265 ], [ 1754070.4, 5126358.5 ], [ 1754105.8, 5126433.200000000186265 ], [ 1754164.7, 5126503.900000000372529 ], [ 1754207.9, 5126590.299999999813735 ], [ 1754243.1, 5126653.0 ], [ 1754246.8, 5126671.700000000186265 ], [ 1754258.1, 5126750.5 ], [ 1754243.1, 5126833.0 ], [ 1754235.6, 5126911.799999999813735 ], [ 1754228.1, 5126960.599999999627471 ], [ 1754228.1, 5127028.099999999627471 ], [ 1754228.1, 5127091.900000000372529 ], [ 1754228.1, 5127178.099999999627471 ], [ 1754220.6, 5127260.700000000186265 ], [ 1754231.8, 5127332.0 ], [ 1754235.6, 5127440.700000000186265 ], [ 1754235.6, 5127530.799999999813735 ], [ 1754224.3, 5127587.0 ], [ 1754201.8, 5127620.799999999813735 ], [ 1754201.8, 5127669.599999999627471 ], [ 1754205.5, 5127710.799999999813735 ], [ 1754201.8, 5127782.099999999627471 ], [ 1754209.3, 5127830.900000000372529 ], [ 1754213.1, 5127902.200000000186265 ], [ 1754213.1, 5127947.200000000186265 ], [ 1754209.3, 5128022.200000000186265 ], [ 1754224.3, 5128071.0 ], [ 1754250.6, 5128127.200000000186265 ], [ 1754265.6, 5128164.799999999813735 ], [ 1754310.6, 5128217.299999999813735 ], [ 1754344.3, 5128262.299999999813735 ], [ 1754400.6, 5128333.599999999627471 ], [ 1754438.1, 5128423.599999999627471 ], [ 1754479.4, 5128509.900000000372529 ], [ 1754501.9, 5128599.900000000372529 ], [ 1754498.1, 5128652.400000000372529 ], [ 1754498.1, 5128731.200000000186265 ], [ 1754498.1, 5128892.5 ], [ 1754486.9, 5128948.799999999813735 ], [ 1754479.4, 5129057.799999999813735 ] ] ] } },
{ "type": "Feature", "properties": { "nomline": "SFMR FASE 2", "progressiv": 1686.105 }, "geometry": { "type": "MultiLineString", "coordinates": [ [ [ 1766717.3, 5055217.900000000372529 ], [ 1767560.3, 5055745.400000000372529 ], [ 1767853.0, 5055926.099999999627471 ], [ 1768145.6, 5056113.900000000372529 ] ] ] } },
{ "type": "Feature", "properties": { "nomline": "SFMR FASE 4", "progressiv": 2047.986 }, "geometry": { "type": "MultiLineString", "coordinates": [ [ [ 1753991.2, 5119777.799999999813735 ], [ 1754315.8, 5119564.299999999813735 ], [ 1754402.4, 5119405.400000000372529 ], [ 1754518.0, 5119232.099999999627471 ], [ 1754662.4, 5119073.200000000186265 ], [ 1754734.6, 5118986.599999999627471 ], [ 1754879.1, 5118914.299999999813735 ], [ 1754893.5, 5118856.599999999627471 ], [ 1754980.2, 5118813.200000000186265 ], [ 1755110.2, 5118784.400000000372529 ], [ 1755370.2, 5118769.900000000372529 ], [ 1755543.5, 5118712.099999999627471 ], [ 1755589.5, 5118696.799999999813735 ] ] ] } },
{ "type": "Feature", "properties": { "nomline": "SFMR FASE 4", "progressiv": 1230.934 }, "geometry": { "type": "MultiLineString", "coordinates": [ [ [ 1757639.7, 5108456.599999999627471 ], [ 1757630.5, 5109687.5 ] ] ] } },
{ "type": "Feature", "properties": { "nomline": "SFMR FASE 4", "progressiv": 4676.468 }, "geometry": { "type": "MultiLineString", "coordinates": [ [ [ 1732009.0, 5104801.400000000372529 ], [ 1732187.3, 5105115.400000000372529 ], [ 1732305.3, 5105351.599999999627471 ], [ 1732320.2, 5105470.900000000372529 ], [ 1732514.0, 5105649.700000000186265 ], [ 1732692.9, 5105828.599999999627471 ], [ 1732722.7, 5106067.099999999627471 ], [ 1732722.7, 5106171.400000000372529 ], [ 1732752.5, 5106260.900000000372529 ], [ 1732841.9, 5106365.200000000186265 ], [ 1732931.4, 5106439.700000000186265 ], [ 1733140.0, 5106663.299999999813735 ], [ 1733289.1, 5106767.599999999627471 ], [ 1733393.4, 5106842.200000000186265 ], [ 1733497.8, 5106901.799999999813735 ], [ 1733661.7, 5107110.5 ], [ 1733795.9, 5107229.700000000186265 ], [ 1733885.3, 5107259.5 ], [ 1734049.2, 5107244.599999999627471 ], [ 1734168.5, 5107244.599999999627471 ], [ 1734287.7, 5107170.099999999627471 ], [ 1735193.5, 5107194.900000000372529 ], [ 1735309.2, 5107198.099999999627471 ] ] ] } },
{ "type": "Feature", "properties": { "nomline": "SFMR FASE 4", "progressiv": 3012.866 }, "geometry": { "type": "MultiLineString", "coordinates": [ [ [ 1755459.9, 5135639.900000000372529 ], [ 1755461.9, 5135637.900000000372529 ], [ 1755489.5, 5135665.5 ], [ 1755558.4, 5135728.900000000372529 ], [ 1755591.6, 5135758.900000000372529 ], [ 1755678.1, 5135815.400000000372529 ], [ 1755718.0, 5135848.599999999627471 ], [ 1755744.6, 5135941.700000000186265 ], [ 1755747.9, 5136011.599999999627471 ], [ 1755787.8, 5136088.0 ], [ 1755821.1, 5136167.799999999813735 ], [ 1755947.4, 5136211.099999999627471 ], [ 1756106.7, 5136271.5 ], [ 1756173.4, 5136360.400000000372529 ], [ 1756228.6, 5136420.0 ], [ 1756272.4, 5136446.0 ], [ 1756309.0, 5136486.799999999813735 ], [ 1756376.2, 5136604.799999999813735 ], [ 1756388.8, 5136685.200000000186265 ], [ 1756393.0, 5136740.0 ], [ 1756401.6, 5136853.200000000186265 ], [ 1756401.8, 5136952.0 ], [ 1756388.6, 5137030.799999999813735 ], [ 1756379.8, 5137117.599999999627471 ], [ 1756362.8, 5137187.200000000186265 ], [ 1756350.4, 5137262.400000000372529 ], [ 1756310.2, 5137315.599999999627471 ], [ 1756301.0, 5137394.400000000372529 ], [ 1756287.8, 5137455.200000000186265 ], [ 1756278.6, 5137525.200000000186265 ], [ 1756283.2, 5137586.0 ], [ 1756295.8, 5137634.799999999813735 ], [ 1756288.6, 5137659.200000000186265 ], [ 1756269.4, 5137716.400000000372529 ], [ 1756274.6, 5137758.0 ], [ 1756288.6, 5137818.799999999813735 ], [ 1756316.8, 5137865.400000000372529 ], [ 1756329.8, 5137916.799999999813735 ], [ 1756434.0, 5138142.599999999627471 ] ] ] } },
{ "type": "Feature", "properties": { "nomline": "SFMR FASE 4", "progressiv": 4849.085 }, "geometry": { "type": "MultiLineString", "coordinates": [ [ [ 1753508.3, 5121444.099999999627471 ], [ 1753490.7, 5121572.700000000186265 ], [ 1753479.4, 5121643.599999999627471 ], [ 1753462.4, 5121700.299999999813735 ], [ 1753462.4, 5121748.5 ], [ 1753456.7, 5121805.299999999813735 ], [ 1753453.9, 5121890.299999999813735 ], [ 1753459.5, 5121955.599999999627471 ], [ 1753468.0, 5122080.400000000372529 ], [ 1753473.7, 5122128.599999999627471 ], [ 1753470.9, 5122182.5 ], [ 1753465.2, 5122208.0 ], [ 1753448.2, 5122236.299999999813735 ], [ 1753414.1, 5122278.900000000372529 ], [ 1753397.1, 5122307.200000000186265 ], [ 1753365.9, 5122375.299999999813735 ], [ 1753363.1, 5122429.200000000186265 ], [ 1753371.6, 5122534.099999999627471 ], [ 1753380.1, 5122588.0 ], [ 1753405.6, 5122633.400000000372529 ], [ 1753453.9, 5122692.900000000372529 ], [ 1753499.2, 5122744.0 ], [ 1753513.4, 5122795.0 ], [ 1753556.0, 5122959.5 ], [ 1753575.8, 5123016.200000000186265 ], [ 1753590.0, 5123078.599999999627471 ], [ 1753609.8, 5123152.400000000372529 ], [ 1753612.7, 5123226.099999999627471 ], [ 1753607.0, 5123294.200000000186265 ], [ 1753587.3, 5123333.900000000372529 ], [ 1753571.6, 5123349.700000000186265 ], [ 1753548.0, 5123385.0 ], [ 1753489.1, 5123479.299999999813735 ], [ 1753430.2, 5123589.299999999813735 ], [ 1753406.6, 5123652.099999999627471 ], [ 1753410.5, 5123711.0 ], [ 1753434.8, 5123814.099999999627471 ], [ 1753428.2, 5123885.200000000186265 ], [ 1753402.6, 5123954.799999999813735 ], [ 1753376.4, 5124006.799999999813735 ], [ 1753355.0, 5124057.200000000186265 ], [ 1753362.2, 5124146.400000000372529 ], [ 1753376.6, 5124218.400000000372529 ], [ 1753406.8, 5124248.799999999813735 ], [ 1753454.0, 5124299.599999999627471 ], [ 1753513.2, 5124355.200000000186265 ], [ 1753580.4, 5124521.599999999627471 ], [ 1753645.3, 5124742.099999999627471 ], [ 1753697.3, 5124924.799999999813735 ], [ 1753720.8, 5124991.599999999627471 ], [ 1753756.2, 5125062.299999999813735 ], [ 1753791.5, 5125105.5 ], [ 1753823.0, 5125144.799999999813735 ], [ 1753878.0, 5125203.700000000186265 ], [ 1753929.0, 5125266.5 ], [ 1753968.3, 5125341.200000000186265 ], [ 1753984.0, 5125372.599999999627471 ], [ 1753995.8, 5125459.0 ], [ 1754023.3, 5125584.700000000186265 ], [ 1754015.4, 5125749.700000000186265 ], [ 1754007.6, 5125820.400000000372529 ], [ 1753999.2, 5125873.700000000186265 ], [ 1753997.8, 5125946.299999999813735 ] ] ] } },
{ "type": "Feature", "properties": { "nomline": "SFMR FASE 4", "progressiv": 3787.084 }, "geometry": { "type": "MultiLineString", "coordinates": [ [ [ 1728262.2, 5098196.799999999813735 ], [ 1728238.2, 5098219.099999999627471 ], [ 1728190.3, 5098263.5 ], [ 1728140.7, 5098270.099999999627471 ], [ 1728097.7, 5098266.799999999813735 ], [ 1728054.7, 5098260.200000000186265 ], [ 1727988.5, 5098247.0 ], [ 1727922.3, 5098217.200000000186265 ], [ 1727823.1, 5098200.599999999627471 ], [ 1727782.8, 5098189.799999999813735 ], [ 1727551.5, 5098186.400000000372529 ], [ 1727484.6, 5098186.200000000186265 ], [ 1727459.1, 5098194.0 ], [ 1727376.4, 5098243.700000000186265 ], [ 1727293.7, 5098286.700000000186265 ], [ 1727211.0, 5098339.599999999627471 ], [ 1727134.9, 5098379.299999999813735 ], [ 1727009.1, 5098452.099999999627471 ], [ 1726843.7, 5098551.400000000372529 ], [ 1726774.2, 5098594.400000000372529 ], [ 1726688.2, 5098640.700000000186265 ], [ 1726585.6, 5098690.299999999813735 ], [ 1726489.7, 5098749.900000000372529 ], [ 1726420.2, 5098779.700000000186265 ], [ 1726360.6, 5098812.700000000186265 ], [ 1726311.0, 5098835.900000000372529 ], [ 1726261.4, 5098855.799999999813735 ], [ 1726215.1, 5098898.799999999813735 ], [ 1726178.7, 5098908.700000000186265 ], [ 1726142.3, 5098908.700000000186265 ], [ 1726076.1, 5098908.700000000186265 ], [ 1726003.3, 5098905.400000000372529 ], [ 1725880.9, 5098912.0 ], [ 1725781.6, 5098921.900000000372529 ], [ 1725692.3, 5098935.200000000186265 ], [ 1725619.5, 5098948.400000000372529 ], [ 1725503.7, 5098968.200000000186265 ], [ 1725447.5, 5099001.299999999813735 ], [ 1725374.0, 5099048.900000000372529 ], [ 1725319.7, 5099116.799999999813735 ], [ 1725296.6, 5099153.400000000372529 ], [ 1725270.8, 5099244.299999999813735 ], [ 1725270.8, 5099275.5 ], [ 1725266.8, 5099304.0 ], [ 1725268.1, 5099336.599999999627471 ], [ 1725281.7, 5099374.599999999627471 ], [ 1725299.3, 5099412.599999999627471 ], [ 1725329.2, 5099492.700000000186265 ], [ 1725413.3, 5099624.700000000186265 ] ] ] } },
{ "type": "Feature", "properties": { "nomline": "SFMR FASE 2", "progressiv": 4805.234 }, "geometry": { "type": "MultiLineString", "coordinates": [ [ [ 1757182.102612703107297, 5047461.30882618483156 ], [ 1757801.874711986863986, 5047490.821783293969929 ], [ 1758923.367082119686529, 5047166.179255097173154 ], [ 1759395.574395859846845, 5046841.536726901307702 ], [ 1760074.372409361181781, 5046103.712799182161689 ], [ 1760841.709294188767672, 5045159.298171701841056 ], [ 1760930.248165515018627, 5044952.707471940666437 ] ] ] } },
{ "type": "Feature", "properties": { "nomline": "SFMR FASE 4", "progressiv": 1952.759 }, "geometry": { "type": "MultiLineString", "coordinates": [ [ [ 1757269.5, 5143862.599999999627471 ], [ 1757603.9, 5143874.599999999627471 ], [ 1757774.5, 5143806.799999999813735 ], [ 1757852.4, 5143725.700000000186265 ], [ 1757910.4, 5143586.299999999813735 ], [ 1757940.5, 5143514.599999999627471 ], [ 1757966.4, 5143464.799999999813735 ], [ 1757977.4, 5143413.200000000186265 ], [ 1757980.1, 5143256.599999999627471 ], [ 1757963.0, 5143077.799999999813735 ], [ 1757925.5, 5142885.799999999813735 ], [ 1757886.9, 5142768.099999999627471 ], [ 1757837.3, 5142649.700000000186265 ], [ 1757794.8, 5142545.900000000372529 ], [ 1757795.2, 5142529.0 ], [ 1757762.0, 5142465.900000000372529 ] ] ] } },
{ "type": "Feature", "properties": { "nomline": "SFMR FASE 4", "progressiv": 7915.41 }, "geometry": { "type": "MultiLineString", "coordinates": [ [ [ 1726400.0, 5091465.799999999813735 ], [ 1726399.8, 5091465.799999999813735 ], [ 1726398.5, 5091497.799999999813735 ], [ 1726426.6, 5091604.5 ], [ 1726445.5, 5091672.900000000372529 ], [ 1726477.0, 5091699.5 ], [ 1726509.4, 5091794.299999999813735 ], [ 1726528.4, 5091908.799999999813735 ], [ 1726544.0, 5092046.400000000372529 ], [ 1726576.1, 5092213.200000000186265 ], [ 1726599.0, 5092332.799999999813735 ], [ 1726606.1, 5092381.099999999627471 ], [ 1726647.9, 5092451.900000000372529 ], [ 1726662.4, 5092485.200000000186265 ], [ 1726689.7, 5092526.799999999813735 ], [ 1726734.3, 5092606.700000000186265 ], [ 1726810.9, 5092747.299999999813735 ], [ 1726867.7, 5092821.400000000372529 ], [ 1726881.0, 5092860.700000000186265 ], [ 1726920.0, 5092920.5 ], [ 1726928.3, 5092963.700000000186265 ], [ 1726993.3, 5093077.0 ], [ 1727059.2, 5093205.400000000372529 ], [ 1727114.3, 5093260.400000000372529 ], [ 1727177.5, 5093306.599999999627471 ], [ 1727237.5, 5093366.700000000186265 ], [ 1727296.5, 5093428.900000000372529 ], [ 1727385.9, 5093523.599999999627471 ], [ 1727415.8, 5093647.299999999813735 ], [ 1727411.2, 5093737.400000000372529 ], [ 1727398.7, 5093767.299999999813735 ], [ 1727369.1, 5093908.0 ], [ 1727345.3, 5094065.900000000372529 ], [ 1727310.6, 5094161.5 ], [ 1727279.2, 5094237.099999999627471 ], [ 1727243.1, 5094298.599999999627471 ], [ 1727228.2, 5094347.5 ], [ 1727223.0, 5094411.5 ], [ 1727239.9, 5094478.900000000372529 ], [ 1727259.4, 5094562.400000000372529 ], [ 1727265.8, 5094597.599999999627471 ], [ 1727303.9, 5094707.5 ], [ 1727303.2, 5094803.700000000186265 ], [ 1727300.3, 5094908.799999999813735 ], [ 1727293.3, 5094966.799999999813735 ], [ 1727336.0, 5095046.700000000186265 ], [ 1727490.8, 5095234.700000000186265 ], [ 1727538.1, 5095280.599999999627471 ], [ 1727576.5, 5095372.400000000372529 ], [ 1727600.6, 5095481.0 ], [ 1727652.4, 5095551.099999999627471 ], [ 1727689.7, 5095596.799999999813735 ], [ 1727848.1, 5095755.799999999813735 ], [ 1727946.0, 5095882.700000000186265 ], [ 1728001.1, 5095932.700000000186265 ], [ 1728106.5, 5096030.700000000186265 ], [ 1728199.1, 5096117.5 ], [ 1728377.3, 5096234.700000000186265 ], [ 1728515.7, 5096332.299999999813735 ], [ 1728652.0, 5096439.799999999813735 ], [ 1728738.8, 5096516.400000000372529 ], [ 1728791.9, 5096624.5 ], [ 1728831.5, 5096767.5 ], [ 1728847.7, 5096978.200000000186265 ], [ 1728846.5, 5097164.5 ], [ 1728817.3, 5097286.299999999813735 ], [ 1728750.2, 5097398.299999999813735 ], [ 1728657.6, 5097480.900000000372529 ], [ 1728580.9, 5097571.799999999813735 ], [ 1728487.8, 5097682.400000000372529 ], [ 1728419.3, 5097765.400000000372529 ], [ 1728418.6, 5097857.599999999627471 ], [ 1728409.6, 5097971.700000000186265 ], [ 1728388.3, 5098101.599999999627471 ], [ 1728310.7, 5098157.700000000186265 ], [ 1728262.2, 5098196.799999999813735 ] ] ] } },
{ "type": "Feature", "properties": { "nomline": "SFMR FASE 2", "progressiv": 3298.779 }, "geometry": { "type": "MultiLineString", "coordinates": [ [ [ 1703720.7, 5050581.299999999813735 ], [ 1703896.8, 5050745.400000000372529 ], [ 1703995.2, 5050826.700000000186265 ], [ 1704059.4, 5050882.299999999813735 ], [ 1704110.8, 5050916.5 ], [ 1704183.6, 5050967.900000000372529 ], [ 1704260.6, 5051006.400000000372529 ], [ 1704290.5, 5051027.799999999813735 ], [ 1704376.1, 5051100.599999999627471 ], [ 1704461.7, 5051186.200000000186265 ], [ 1704547.3, 5051280.299999999813735 ], [ 1704632.9, 5051353.099999999627471 ], [ 1705022.4, 5051601.299999999813735 ], [ 1705454.6, 5051858.099999999627471 ], [ 1706002.4, 5052187.599999999627471 ], [ 1706394.1, 5052423.099999999627471 ], [ 1706427.8, 5052440.400000000372529 ] ] ] } },
{ "type": "Feature", "properties": { "nomline": "SFMR FASE 2", "progressiv": 1052.059 }, "geometry": { "type": "MultiLineString", "coordinates": [ [ [ 1706428.3, 5052443.700000000186265 ], [ 1706678.6, 5052594.200000000186265 ], [ 1707158.0, 5052885.200000000186265 ], [ 1707329.2, 5052962.299999999813735 ], [ 1707338.6, 5052968.799999999813735 ] ] ] } },
{ "type": "Feature", "properties": { "nomline": "SFMR FASE 3", "progressiv": 404.804 }, "geometry": { "type": "MultiLineString", "coordinates": [ [ [ 1740503.5, 4994242.299999999813735 ], [ 1740908.3, 4994244.0 ] ] ] } },
{ "type": "Feature", "properties": { "nomline": "SFMR FASE 3", "progressiv": 4246.786 }, "geometry": { "type": "MultiLineString", "coordinates": [ [ [ 1751312.4, 4994534.599999999627471 ], [ 1751467.4, 4994504.299999999813735 ], [ 1751584.8, 4994486.599999999627471 ], [ 1751664.3, 4994501.0 ], [ 1751864.3, 4994624.299999999813735 ], [ 1752942.9, 4995229.299999999813735 ], [ 1753049.5, 4995280.299999999813735 ], [ 1753305.7, 4995402.700000000186265 ], [ 1753509.8, 4995524.299999999813735 ], [ 1753955.6, 4995794.5 ], [ 1754161.6, 4995953.299999999813735 ], [ 1754313.4, 4996039.900000000372529 ], [ 1755026.7, 4996448.099999999627471 ] ] ] } },
{ "type": "Feature", "properties": { "nomline": "SFMR FASE 3", "progressiv": 4147.627 }, "geometry": { "type": "MultiLineString", "coordinates": [ [ [ 1755026.7, 4996448.099999999627471 ], [ 1755168.6, 4996529.299999999813735 ], [ 1755298.9, 4996624.700000000186265 ], [ 1755393.7, 4996725.299999999813735 ], [ 1755465.4, 4996826.5 ], [ 1755512.3, 4996906.299999999813735 ], [ 1755590.7, 4997178.599999999627471 ], [ 1755635.7, 4997345.599999999627471 ], [ 1755983.7, 4998943.099999999627471 ], [ 1756004.1, 4999083.700000000186265 ], [ 1756013.2, 4999301.900000000372529 ], [ 1755995.3, 4999500.700000000186265 ], [ 1755964.0, 4999669.5 ], [ 1755913.6, 4999837.400000000372529 ], [ 1755841.5, 5000000.0 ], [ 1755739.0, 5000225.099999999627471 ], [ 1755720.4, 5000265.299999999813735 ] ] ] } },
{ "type": "Feature", "properties": { "nomline": "SFMR FASE 4", "progressiv": 5469.332 }, "geometry": { "type": "MultiLineString", "coordinates": [ [ [ 1726400.0, 5091465.799999999813735 ], [ 1726401.4, 5091429.0 ], [ 1726402.0, 5091414.700000000186265 ], [ 1726433.8, 5091312.0 ], [ 1726472.5, 5091220.5 ], [ 1726498.6, 5091161.900000000372529 ], [ 1726590.3, 5091073.200000000186265 ], [ 1726850.6, 5090902.299999999813735 ], [ 1727024.1, 5090829.099999999627471 ], [ 1727156.3, 5090827.400000000372529 ], [ 1727281.2, 5090846.5 ], [ 1727329.6, 5090880.400000000372529 ], [ 1727421.6, 5090890.0 ], [ 1727531.2, 5090861.799999999813735 ], [ 1727570.9, 5090825.400000000372529 ], [ 1727617.5, 5090796.200000000186265 ], [ 1727664.7, 5090731.799999999813735 ], [ 1727709.3, 5090584.299999999813735 ], [ 1727747.9, 5090498.799999999813735 ], [ 1727822.3, 5090422.900000000372529 ], [ 1727930.8, 5090346.599999999627471 ], [ 1728229.9, 5090197.400000000372529 ], [ 1728351.9, 5090147.400000000372529 ], [ 1728397.7, 5090107.099999999627471 ], [ 1728473.2, 5089967.099999999627471 ], [ 1728536.7, 5089830.900000000372529 ], [ 1728550.9, 5089805.099999999627471 ], [ 1728592.1, 5089692.700000000186265 ], [ 1728601.3, 5089656.799999999813735 ], [ 1728604.1, 5089645.700000000186265 ], [ 1728591.3, 5089517.200000000186265 ], [ 1728572.2, 5089466.799999999813735 ], [ 1728525.1, 5089410.900000000372529 ], [ 1728486.2, 5089347.099999999627471 ], [ 1728414.0, 5089241.700000000186265 ], [ 1728356.6, 5089144.5 ], [ 1728298.4, 5089041.299999999813735 ], [ 1728260.8, 5088957.5 ], [ 1728212.6, 5088853.5 ], [ 1728200.8, 5088783.200000000186265 ], [ 1728186.9, 5088722.799999999813735 ], [ 1728171.3, 5088643.400000000372529 ], [ 1728177.2, 5088532.299999999813735 ], [ 1728213.9, 5088329.5 ], [ 1728254.7, 5088170.900000000372529 ], [ 1728294.8, 5088058.299999999813735 ], [ 1728371.5, 5087854.200000000186265 ], [ 1728399.0, 5087771.5 ], [ 1728423.4, 5087690.799999999813735 ], [ 1728429.4, 5087637.799999999813735 ], [ 1728444.3, 5087505.799999999813735 ] ] ] } },
{ "type": "Feature", "properties": { "nomline": "SFMR FASE 1", "progressiv": 2131.608 }, "geometry": { "type": "MultiLineString", "coordinates": [ [ [ 1749100.0, 5040990.400000000372529 ], [ 1751109.5, 5041701.5 ] ] ] } },
{ "type": "Feature", "properties": { "nomline": "SFMR FASE 4", "progressiv": 2512.545 }, "geometry": { "type": "MultiLineString", "coordinates": [ [ [ 1730557.3, 5102803.599999999627471 ], [ 1730637.6, 5102915.799999999813735 ], [ 1730703.5, 5102989.900000000372529 ], [ 1730777.6, 5103043.400000000372529 ], [ 1730835.2, 5103105.099999999627471 ], [ 1730934.0, 5103175.099999999627471 ], [ 1730991.7, 5103241.0 ], [ 1731082.2, 5103343.900000000372529 ], [ 1731123.4, 5103409.799999999813735 ], [ 1731197.5, 5103553.799999999813735 ], [ 1731391.0, 5103977.900000000372529 ], [ 1731456.9, 5104154.900000000372529 ], [ 1731489.8, 5104241.299999999813735 ], [ 1731510.4, 5104286.599999999627471 ], [ 1731588.6, 5104373.099999999627471 ], [ 1731782.1, 5104578.900000000372529 ], [ 1731913.8, 5104702.400000000372529 ], [ 1732009.0, 5104801.400000000372529 ] ] ] } },
{ "type": "Feature", "properties": { "nomline": "SFMR FASE 3", "progressiv": 5251.055 }, "geometry": { "type": "MultiLineString", "coordinates": [ [ [ 1712764.4, 5007702.200000000186265 ], [ 1712752.0, 5007509.299999999813735 ], [ 1712804.1, 5007300.799999999813735 ], [ 1712847.5, 5007135.700000000186265 ], [ 1713073.4, 5006701.200000000186265 ], [ 1715075.5, 5003250.200000000186265 ], [ 1715181.1, 5003089.0 ] ] ] } },
{ "type": "Feature", "properties": { "nomline": "SFMR FASE 2", "progressiv": 4974.809 }, "geometry": { "type": "MultiLineString", "coordinates": [ [ [ 1746316.6, 5062160.5 ], [ 1746682.0, 5062102.700000000186265 ], [ 1747219.2, 5062059.5 ], [ 1748318.0, 5061967.299999999813735 ], [ 1749839.3, 5061840.900000000372529 ], [ 1750876.6, 5061755.0 ], [ 1751090.6, 5061732.0 ], [ 1751270.2, 5061712.599999999627471 ] ] ] } },
{ "type": "Feature", "properties": { "nomline": "SFMR FASE 2", "progressiv": 1678.711 }, "geometry": { "type": "MultiLineString", "coordinates": [ [ [ 1751271.4, 5061712.5 ], [ 1751464.6, 5061697.099999999627471 ], [ 1751595.4, 5061617.799999999813735 ], [ 1751748.6, 5061485.299999999813735 ], [ 1751983.6, 5061361.5 ], [ 1752263.2, 5061340.0 ], [ 1752701.6, 5061377.700000000186265 ], [ 1752844.4, 5061390.0 ] ] ] } },
{ "type": "Feature", "properties": { "nomline": "SFMR FASE 4", "progressiv": 734.294 }, "geometry": { "type": "MultiLineString", "coordinates": [ [ [ 1753313.2, 5119634.400000000372529 ], [ 1753377.1, 5119688.099999999627471 ], [ 1753415.5, 5119731.5 ], [ 1753461.5, 5119810.799999999813735 ], [ 1753510.1, 5119902.799999999813735 ], [ 1753525.4, 5119964.200000000186265 ], [ 1753540.8, 5120048.599999999627471 ], [ 1753538.2, 5120150.900000000372529 ], [ 1753538.2, 5120232.700000000186265 ], [ 1753535.7, 5120296.599999999627471 ] ] ] } },
{ "type": "Feature", "properties": { "nomline": "SFMR FASE 4", "progressiv": 7663.139 }, "geometry": { "type": "MultiLineString", "coordinates": [ [ [ 1698390.9, 5046234.700000000186265 ], [ 1698053.9, 5046213.0 ], [ 1697594.5, 5046206.400000000372529 ], [ 1697404.1, 5046183.0 ], [ 1697296.1, 5046163.799999999813735 ], [ 1697195.2, 5046133.900000000372529 ], [ 1697093.6, 5046097.099999999627471 ], [ 1696961.1, 5046033.5 ], [ 1696823.3, 5045932.799999999813735 ], [ 1696431.1, 5045598.900000000372529 ], [ 1696007.1, 5045259.700000000186265 ], [ 1695593.7, 5044931.099999999627471 ], [ 1695153.8, 5044586.599999999627471 ], [ 1694618.5, 5044157.400000000372529 ], [ 1694475.4, 5044051.400000000372529 ], [ 1694305.9, 5043956.0 ], [ 1694088.6, 5043855.299999999813735 ], [ 1692806.0, 5043267.0 ], [ 1691936.8, 5042858.900000000372529 ], [ 1691846.4, 5042802.099999999627471 ], [ 1691751.3, 5042742.299999999813735 ] ] ] } },
{ "type": "Feature", "properties": { "nomline": "SFMR FASE 4", "progressiv": 8547.305 }, "geometry": { "type": "MultiLineString", "coordinates": [ [ [ 1686983.7, 5035994.299999999813735 ], [ 1687079.1, 5036089.700000000186265 ], [ 1687391.6, 5036228.599999999627471 ], [ 1687756.1, 5036393.5 ], [ 1688085.8, 5036541.0 ], [ 1688380.9, 5036671.200000000186265 ], [ 1688554.5, 5036801.400000000372529 ], [ 1688702.0, 5036975.0 ], [ 1688945.0, 5037565.099999999627471 ], [ 1689179.3, 5038085.799999999813735 ], [ 1689396.3, 5038606.5 ], [ 1689578.6, 5039057.799999999813735 ], [ 1689734.8, 5039309.5 ], [ 1689969.1, 5039674.0 ], [ 1690229.4, 5040099.200000000186265 ], [ 1690420.4, 5040377.0 ], [ 1690732.8, 5040880.299999999813735 ], [ 1690941.1, 5041270.900000000372529 ], [ 1691505.2, 5042355.700000000186265 ], [ 1691635.4, 5042581.299999999813735 ], [ 1691751.3, 5042742.299999999813735 ] ] ] } },
{ "type": "Feature", "properties": { "nomline": "SFMR FASE 4", "progressiv": 949.168 }, "geometry": { "type": "MultiLineString", "coordinates": [ [ [ 1682541.6, 5031064.200000000186265 ], [ 1682917.2, 5031172.200000000186265 ], [ 1683129.1, 5031240.799999999813735 ], [ 1683247.5, 5031303.099999999627471 ], [ 1683399.4, 5031436.0 ] ] ] } },
{ "type": "Feature", "properties": { "nomline": "SFMR FASE 4", "progressiv": 160.016 }, "geometry": { "type": "MultiLineString", "coordinates": [ [ [ 1683399.4, 5031436.0 ], [ 1683509.2, 5031552.400000000372529 ] ] ] } },
{ "type": "Feature", "properties": { "nomline": "SFMR FASE 4", "progressiv": 5640.78 }, "geometry": { "type": "MultiLineString", "coordinates": [ [ [ 1683509.2, 5031552.400000000372529 ], [ 1683795.9, 5031920.0 ], [ 1684363.0, 5032630.5 ], [ 1685609.3, 5034207.099999999627471 ], [ 1686282.3, 5035129.400000000372529 ], [ 1686681.2, 5035634.200000000186265 ], [ 1686799.6, 5035789.900000000372529 ], [ 1686905.5, 5035908.299999999813735 ], [ 1686983.7, 5035994.299999999813735 ] ] ] } },
{ "type": "Feature", "properties": { "nomline": "SFMR FASE 4", "progressiv": 1377.724 }, "geometry": { "type": "MultiLineString", "coordinates": [ [ [ 1655137.4, 5032455.799999999813735 ], [ 1655382.3, 5032541.200000000186265 ], [ 1655561.3, 5032565.099999999627471 ], [ 1655714.9, 5032554.400000000372529 ], [ 1655816.8, 5032524.5 ], [ 1655923.1, 5032472.799999999813735 ], [ 1656030.6, 5032411.099999999627471 ], [ 1656228.8, 5032282.299999999813735 ], [ 1656316.2, 5032228.099999999627471 ], [ 1656410.5, 5032208.900000000372529 ] ] ] } },
{ "type": "Feature", "properties": { "nomline": "SFMR FASE 4", "progressiv": 4607.773 }, "geometry": { "type": "MultiLineString", "coordinates": [ [ [ 1678013.0, 5030213.700000000186265 ], [ 1679419.3, 5030477.0 ], [ 1682541.6, 5031064.200000000186265 ] ] ] } },
{ "type": "Feature", "properties": { "nomline": "SFMR FASE 4", "progressiv": 1981.684 }, "geometry": { "type": "MultiLineString", "coordinates": [ [ [ 1656410.5, 5032208.900000000372529 ], [ 1656516.2, 5032236.200000000186265 ], [ 1656578.6, 5032266.599999999627471 ], [ 1656682.1, 5032330.099999999627471 ], [ 1656790.4, 5032453.700000000186265 ], [ 1656971.7, 5032705.200000000186265 ], [ 1657136.8, 5032923.299999999813735 ], [ 1657238.6, 5033066.799999999813735 ], [ 1657346.4, 5033164.400000000372529 ], [ 1657457.9, 5033230.0 ], [ 1657693.6, 5033290.5 ], [ 1657927.5, 5033342.900000000372529 ] ] ] } },
{ "type": "Feature", "properties": { "nomline": "SFMR FASE 4", "progressiv": 6022.852 }, "geometry": { "type": "MultiLineString", "coordinates": [ [ [ 1657927.5, 5033342.900000000372529 ], [ 1658345.2, 5033446.5 ], [ 1658579.1, 5033495.900000000372529 ], [ 1658646.8, 5033510.400000000372529 ], [ 1658752.3, 5033490.799999999813735 ], [ 1659461.8, 5033298.599999999627471 ], [ 1659582.8, 5033258.299999999813735 ], [ 1659729.8, 5033171.5 ], [ 1659843.0, 5033072.900000000372529 ], [ 1659917.0, 5032988.5 ], [ 1659951.4, 5032925.099999999627471 ], [ 1659993.0, 5032810.900000000372529 ], [ 1660056.5, 5032699.200000000186265 ], [ 1660152.2, 5032584.200000000186265 ], [ 1660291.4, 5032486.200000000186265 ], [ 1660427.2, 5032411.200000000186265 ], [ 1660581.9, 5032335.599999999627471 ], [ 1660779.5, 5032311.0 ], [ 1661496.2, 5032199.099999999627471 ], [ 1662202.8, 5032090.900000000372529 ], [ 1662801.7, 5032012.400000000372529 ], [ 1663462.2, 5031909.200000000186265 ] ] ] } },
{ "type": "Feature", "properties": { "nomline": "SFMR FASE 4", "progressiv": 6381.129 }, "geometry": { "type": "MultiLineString", "coordinates": [ [ [ 1663462.2, 5031909.200000000186265 ], [ 1665224.0, 5031670.799999999813735 ], [ 1666081.7, 5031562.099999999627471 ], [ 1667797.8, 5031398.799999999813735 ], [ 1668826.5, 5031290.0 ], [ 1669104.3, 5031259.200000000186265 ], [ 1669405.5, 5031251.0 ], [ 1669804.9, 5031238.099999999627471 ] ] ] } },
{ "type": "Feature", "properties": { "nomline": "SFMR FASE 4", "progressiv": 8350.751 }, "geometry": { "type": "MultiLineString", "coordinates": [ [ [ 1669804.9, 5031238.099999999627471 ], [ 1670876.7, 5031258.400000000372529 ], [ 1671196.8, 5031255.700000000186265 ], [ 1671468.8, 5031212.799999999813735 ], [ 1672176.3, 5031068.599999999627471 ], [ 1673938.8, 5030665.0 ], [ 1675370.4, 5030346.0 ], [ 1675962.8, 5030202.200000000186265 ], [ 1676388.0, 5030107.700000000186265 ], [ 1676671.1, 5030062.0 ], [ 1676959.4, 5030053.599999999627471 ], [ 1677264.7, 5030087.5 ], [ 1677518.8, 5030130.400000000372529 ], [ 1678013.0, 5030213.700000000186265 ] ] ] } },
{ "type": "Feature", "properties": { "nomline": "SFMR FASE 3", "progressiv": 1120.292 }, "geometry": { "type": "MultiLineString", "coordinates": [ [ [ 1739385.3, 5013209.400000000372529 ], [ 1739427.5, 5013193.599999999627471 ], [ 1739559.8, 5013129.700000000186265 ], [ 1739651.1, 5013061.900000000372529 ], [ 1739704.1, 5012970.700000000186265 ], [ 1739710.0, 5012850.0 ], [ 1739680.5, 5012614.400000000372529 ], [ 1739643.750287484610453, 5012265.509152467362583 ] ] ] } },
{ "type": "Feature", "properties": { "nomline": "SFMR FASE 3", "progressiv": 898.053 }, "geometry": { "type": "MultiLineString", "coordinates": [ [ [ 1739643.750287484610453, 5012265.509152467362583 ], [ 1739601.1, 5011860.599999999627471 ], [ 1739561.5, 5011465.299999999813735 ], [ 1739550.7, 5011372.299999999813735 ] ] ] } },
{ "type": "Feature", "properties": { "nomline": "SFMR FASE 1", "progressiv": 598.722 }, "geometry": { "type": "MultiLineString", "coordinates": [ [ [ 1747650.146273582009599, 5040848.188821914605796 ], [ 1747586.954099578084424, 5040703.749567048624158 ], [ 1747615.850800995947793, 5040601.084410402923822 ], [ 1747695.283540727570653, 5040559.310312182642519 ], [ 1747773.860737487440929, 5040543.350010531023145 ], [ 1747934.909326603636146, 5040576.775189404375851 ] ] ] } },
{ "type": "Feature", "properties": { "nomline": "SFMR FASE 3", "progressiv": 7851.177 }, "geometry": { "type": "MultiLineString", "coordinates": [ [ [ 1726735.263507860945538, 5033591.680309569463134 ], [ 1727159.354989011306316, 5033564.203569213859737 ], [ 1727981.634119046851993, 5033203.651703838258982 ], [ 1728814.603949296521023, 5032144.124581177718937 ], [ 1728833.814933654852211, 5031721.482925293035805 ], [ 1728671.659852219978347, 5030924.102406748570502 ], [ 1728566.923803434707224, 5030055.409296235069633 ], [ 1728591.567579619586468, 5029889.063806988298893 ], [ 1728659.337964127538726, 5029759.683982018381357 ], [ 1728868.810061698080972, 5029482.441499940119684 ], [ 1731099.071806418243796, 5028576.782725149765611 ] ] ] } },
{ "type": "Feature", "properties": { "nomline": "SFMR FASE 3", "progressiv": 1061.739 }, "geometry": { "type": "MultiLineString", "coordinates": [ [ [ 1731240.773519480600953, 5027640.319230129010975 ], [ 1731339.348624219652265, 5027788.181887237355113 ], [ 1731370.153344450518489, 5027973.010208623483777 ], [ 1731357.831456358078867, 5028219.447970470413566 ], [ 1731222.290687341941521, 5028478.207620410248637 ], [ 1731099.071806418243796, 5028576.782725149765611 ] ] ] } },
{ "type": "Feature", "properties": { "nomline": "SFMR FASE 3", "progressiv": 381.432 }, "geometry": { "type": "MultiLineString", "coordinates": [ [ [ 1731043.623310002498329, 5027313.789195680990815 ], [ 1731240.773519480600953, 5027640.319230129010975 ] ] ] } },
{ "type": "Feature", "properties": { "nomline": "SFMR FASE 3", "progressiv": 573.094 }, "geometry": { "type": "MultiLineString", "coordinates": [ [ [ 1730624.679114861646667, 5027030.3857695562765 ], [ 1730693.402267903089523, 5027076.874961319379508 ], [ 1731043.623310002498329, 5027313.789195680990815 ], [ 1731078.406243022764102, 5027371.398428495973349 ] ] ] } },
{ "type": "Feature", "properties": { "nomline": "SFMR FASE 3", "progressiv": 4788.785 }, "geometry": { "type": "MultiLineString", "coordinates": [ [ [ 1730624.679114861646667, 5027030.3857695562765 ], [ 1730544.586842261021957, 5026808.591783893294632 ], [ 1730532.264954168815166, 5026660.729126784950495 ], [ 1730544.586842261021957, 5026457.417973260395229 ], [ 1730600.035338676767424, 5026223.302099505439401 ], [ 1730774.124353852821514, 5025702.04115966334939 ], [ 1731166.842190926196054, 5025206.746331884525716 ], [ 1731505.694113466655836, 5024824.767801020294428 ], [ 1731850.706980053102598, 5024455.111158248968422 ], [ 1732240.562826543580741, 5024171.566072444431484 ], [ 1732626.985929872840643, 5023968.396578600630164 ], [ 1733366.299215415725484, 5023561.774271552450955 ] ] ] } },
{ "type": "Feature", "properties": { "nomline": "SFMR FASE 3", "progressiv": 2316.373 }, "geometry": { "type": "MultiLineString", "coordinates": [ [ [ 1733366.299215415725484, 5023561.774271552450955 ], [ 1734014.377048968570307, 5023262.24614614713937 ], [ 1734257.716184174874797, 5023134.172917091287673 ], [ 1734475.440673570148647, 5023012.503349487669766 ], [ 1734654.743194248294458, 5022903.641104790382087 ], [ 1734866.064022190636024, 5022762.760552829131484 ], [ 1735128.329212625743821, 5022483.609063468873501 ], [ 1735282.35281378030777, 5022311.10263017565012 ] ] ] } },
{ "type": "Feature", "properties": { "nomline": "SFMR FASE 3", "progressiv": 6153.154 }, "geometry": { "type": "MultiLineString", "coordinates": [ [ [ 1738541.492214214289561, 5020173.255046147853136 ], [ 1738535.33127016806975, 5020752.383786489255726 ], [ 1738800.251864154357463, 5021664.203505326062441 ], [ 1738812.573752246564254, 5021947.606931449845433 ], [ 1738781.769032015698031, 5022107.791476651094854 ], [ 1738695.51581536908634, 5022298.780742082744837 ], [ 1738590.779766583815217, 5022385.033958729356527 ], [ 1738449.07805352145806, 5022434.321511099115014 ], [ 1738313.537284505320713, 5022428.160567052662373 ], [ 1738141.030851212097332, 5022378.873014683835208 ], [ 1738060.938578611472622, 5022304.941686129197478 ], [ 1737939.821519533637911, 5022212.045667887665331 ], [ 1737754.115337402559817, 5021987.91751703992486 ], [ 1737491.565217837924138, 5021725.36739747505635 ], [ 1737266.176796653307974, 5021608.755008909851313 ], [ 1736933.485818159068003, 5021565.628400586545467 ], [ 1736518.208677012706175, 5021616.505152777768672 ], [ 1736236.447573089506477, 5021699.75275166425854 ], [ 1736005.915760788833722, 5021802.211334909312427 ], [ 1735762.576625582529232, 5021943.09188687056303 ], [ 1735417.893582796677947, 5022169.400917112827301 ], [ 1735282.35281378030777, 5022311.10263017565012 ] ] ] } },
{ "type": "Feature", "properties": { "nomline": "SFMR FASE 2", "progressiv": 735.237 }, "geometry": { "type": "MultiLineString", "coordinates": [ [ [ 1724670.2, 5033617.400000000372529 ], [ 1724859.4, 5033524.799999999813735 ], [ 1725052.1, 5033444.5 ], [ 1725204.0, 5033390.900000000372529 ], [ 1725355.3, 5033358.400000000372529 ] ] ] } },
{ "type": "Feature", "properties": { "nomline": "SFMR FASE 3", "progressiv": 1427.475 }, "geometry": { "type": "MultiLineString", "coordinates": [ [ [ 1725355.3, 5033358.400000000372529 ], [ 1725586.0, 5033316.200000000186265 ], [ 1725830.6, 5033313.599999999627471 ], [ 1726086.5, 5033367.299999999813735 ], [ 1726197.8, 5033398.700000000186265 ], [ 1726431.8, 5033479.900000000372529 ], [ 1726577.3, 5033538.400000000372529 ], [ 1726735.263507860945538, 5033591.680309569463134 ] ] ] } },
{ "type": "Feature", "properties": { "nomline": "SFMR FASE 3", "progressiv": 20283.904 }, "geometry": { "type": "MultiLineString", "coordinates": [ [ [ 1757401.132695817155764, 5007828.03536466602236 ], [ 1757328.598081033444032, 5007628.565174010582268 ], [ 1757192.59567831363529, 5007492.562771290540695 ], [ 1757029.392795050051063, 5007447.228637050837278 ], [ 1756811.788950698450208, 5007447.228637050837278 ], [ 1756430.982223083497956, 5007619.498347162269056 ], [ 1755678.435594701208174, 5008081.906516409479082 ], [ 1755497.099057741463184, 5008181.641611737199128 ], [ 1755234.161079150158912, 5008272.309880216605961 ], [ 1751788.766876917798072, 5008970.455547511577606 ], [ 1751562.096205718349665, 5009024.856508598662913 ], [ 1751163.155824407236651, 5009178.992565014399588 ] ], [ [ 1751172.222651255317032, 5009178.992565015330911 ], [ 1746965.214993792818859, 5012769.455996815115213 ], [ 1746838.279417921323329, 5012851.057438446208835 ], [ 1746548.140958785777912, 5012905.458399534225464 ], [ 1742368.333781867288053, 5013295.331953997723758 ] ], [ [ 1742359.266955019440502, 5013295.331953997723758 ], [ 1739004.541021266952157, 5013331.599261389113963 ] ] ] } },
{ "type": "Feature", "properties": { "nomline": "GRONDA SUD", "progressiv": 577.948 }, "geometry": { "type": "MultiLineString", "coordinates": [ [ [ 1719796.2, 5025114.159999999217689 ], [ 1719809.927282069111243, 5025147.505903970450163 ], [ 1719811.427520022029057, 5025151.148141652345657 ], [ 1719815.266133330063894, 5025160.382026590406895 ], [ 1719819.205262477975339, 5025169.573404056951404 ], [ 1719823.315764863975346, 5025178.689294615760446 ], [ 1719825.91959640593268, 5025184.16226464137435 ], [ 1719854.612428203923628, 5025231.996285880915821 ], [ 1719891.175642033107579, 5025274.121142901480198 ], [ 1719934.498283143388107, 5025309.256893238984048 ], [ 1719983.264015006832778, 5025336.335954898037016 ], [ 1720035.991115537239239, 5025354.535544293932617 ], [ 1720091.077498466474935, 5025363.302676112391055 ], [ 1720146.849391923984513, 5025362.370965488255024 ], [ 1720201.612195149296895, 5025351.76872197818011 ], [ 1720216.550038455985487, 5025347.099412557668984 ], [ 1720217.952833527931944, 5025346.619396210648119 ], [ 1720227.361044185934588, 5025343.231218677014112 ], [ 1720236.691548785893247, 5025339.634157950058579 ], [ 1720245.969026043079793, 5025335.902204901911318 ], [ 1720253.850073778070509, 5025332.671999057754874 ] ] ] } },
{ "type": "Feature", "properties": { "nomline": "Ferrovia", "progressiv": 5323.32 }, "geometry": { "type": "MultiLineString", "coordinates": [ [ [ 1662298.5, 5005359.799999999813735 ], [ 1662158.4, 5005424.5 ], [ 1662096.2, 5005433.400000000372529 ], [ 1662013.1, 5005434.799999999813735 ], [ 1661761.9, 5005441.299999999813735 ], [ 1661367.6, 5005446.200000000186265 ], [ 1660736.1, 5005457.700000000186265 ], [ 1660104.4, 5005486.299999999813735 ], [ 1659360.3, 5005529.0 ], [ 1658865.8, 5005550.0 ], [ 1658357.0, 5005584.900000000372529 ], [ 1658153.8, 5005589.200000000186265 ], [ 1658016.2, 5005563.700000000186265 ], [ 1657888.6, 5005534.299999999813735 ], [ 1657705.3, 5005484.799999999813735 ], [ 1657622.5, 5005469.299999999813735 ], [ 1657541.8, 5005445.700000000186265 ], [ 1657451.7, 5005452.099999999627471 ], [ 1657330.6, 5005456.900000000372529 ], [ 1657074.9, 5005463.5 ], [ 1657012.6, 5005476.299999999813735 ] ] ] } },
{ "type": "Feature", "properties": { "nomline": "Ferrovia", "progressiv": 934.346 }, "geometry": { "type": "MultiLineString", "coordinates": [ [ [ 1662298.5, 5005359.799999999813735 ], [ 1662498.1, 5005203.0 ], [ 1662598.4, 5005123.599999999627471 ], [ 1662741.3, 5005012.900000000372529 ], [ 1662924.6, 5004874.799999999813735 ], [ 1663043.0, 5004795.799999999813735 ] ] ] } },
{ "type": "Feature", "properties": { "nomline": "Ferrovia", "progressiv": 10132.494 }, "geometry": { "type": "MultiLineString", "coordinates": [ [ [ 1662298.5, 5005359.799999999813735 ], [ 1662219.9, 5005453.700000000186265 ], [ 1662074.6, 5005591.400000000372529 ], [ 1661868.0, 5005806.200000000186265 ], [ 1661679.8, 5006002.400000000372529 ], [ 1661484.2, 5006217.400000000372529 ], [ 1661390.4, 5006326.0 ], [ 1661302.5, 5006442.799999999813735 ], [ 1661220.7, 5006548.599999999627471 ], [ 1661107.6, 5006739.0 ], [ 1661027.4, 5006874.0 ], [ 1660881.7, 5007126.5 ], [ 1660718.7, 5007472.599999999627471 ], [ 1660583.4, 5007778.5 ], [ 1660421.1, 5008120.799999999813735 ], [ 1660243.2, 5008519.799999999813735 ], [ 1660086.5, 5008841.200000000186265 ], [ 1659982.7, 5009090.900000000372529 ], [ 1659856.5, 5009357.0 ], [ 1659703.8, 5009676.5 ], [ 1659597.9, 5009890.0 ], [ 1659374.2, 5010355.900000000372529 ], [ 1659326.5, 5010457.799999999813735 ], [ 1659228.8, 5010665.599999999627471 ], [ 1659052.8, 5011031.5 ], [ 1658857.6, 5011443.099999999627471 ], [ 1658638.5, 5011925.099999999627471 ], [ 1658519.0, 5012164.299999999813735 ], [ 1658458.4, 5012294.900000000372529 ], [ 1658369.1, 5012567.099999999627471 ], [ 1658325.1, 5012716.299999999813735 ], [ 1658277.1, 5012942.599999999627471 ], [ 1658213.9, 5013286.799999999813735 ], [ 1658137.8, 5013704.799999999813735 ], [ 1658044.4, 5014397.200000000186265 ] ] ] } },
{ "type": "Feature", "properties": { "nomline": "SFMR OCCIDENTALE", "progressiv": 8290.127 }, "geometry": { "type": "MultiLineString", "coordinates": [ [ [ 1681409.498285957146436, 5006523.955891685560346 ], [ 1681099.0, 5006551.400000000372529 ], [ 1680952.7, 5006566.700000000186265 ], [ 1680613.1, 5006593.700000000186265 ], [ 1679714.5, 5006670.599999999627471 ], [ 1678831.0, 5006734.700000000186265 ], [ 1677712.1, 5006819.599999999627471 ], [ 1677327.3, 5006855.700000000186265 ], [ 1676864.5, 5006894.5 ], [ 1676548.9, 5006918.799999999813735 ], [ 1676402.7, 5006928.200000000186265 ], [ 1676249.8, 5006921.400000000372529 ], [ 1675836.7, 5006853.700000000186265 ], [ 1675445.5, 5006791.400000000372529 ], [ 1674991.6, 5006707.900000000372529 ], [ 1674664.3, 5006654.900000000372529 ], [ 1674583.3, 5006653.400000000372529 ], [ 1674412.9, 5006675.299999999813735 ], [ 1674324.4, 5006704.799999999813735 ], [ 1674219.4, 5006763.099999999627471 ], [ 1674134.3, 5006826.700000000186265 ], [ 1674087.4, 5006881.0 ], [ 1674053.2, 5006951.599999999627471 ], [ 1673978.3, 5007127.700000000186265 ], [ 1673913.0, 5007267.900000000372529 ], [ 1673869.8, 5007344.400000000372529 ], [ 1673786.7, 5007467.700000000186265 ], [ 1673702.1, 5007649.799999999813735 ] ] ] } },
{ "type": "Feature", "properties": { "nomline": "Ferrovia", "progressiv": 11369.721 }, "geometry": { "type": "MultiLineString", "coordinates": [ [ [ 1673702.1, 5007649.799999999813735 ], [ 1673561.5, 5007698.799999999813735 ], [ 1673474.8, 5007720.299999999813735 ], [ 1673370.3, 5007730.299999999813735 ], [ 1673165.6, 5007702.200000000186265 ], [ 1673016.5, 5007658.599999999627471 ], [ 1672897.5, 5007610.0 ], [ 1672760.0, 5007543.700000000186265 ], [ 1672555.4, 5007434.099999999627471 ], [ 1672433.9, 5007356.299999999813735 ], [ 1672351.7, 5007305.700000000186265 ], [ 1672167.5, 5007192.0 ], [ 1671915.2, 5007078.099999999627471 ], [ 1671453.3, 5006869.200000000186265 ], [ 1670957.7, 5006645.599999999627471 ], [ 1670676.8, 5006510.099999999627471 ], [ 1670467.2, 5006418.0 ], [ 1670311.9, 5006372.099999999627471 ], [ 1670186.2, 5006346.700000000186265 ], [ 1669829.8, 5006298.099999999627471 ], [ 1669486.4, 5006250.799999999813735 ], [ 1669107.2, 5006193.700000000186265 ], [ 1668632.9, 5006135.900000000372529 ], [ 1668084.9, 5006056.799999999813735 ], [ 1667430.2, 5005960.599999999627471 ], [ 1666700.5, 5005857.099999999627471 ], [ 1666187.6, 5005775.599999999627471 ], [ 1665811.2, 5005726.599999999627471 ], [ 1665464.6, 5005691.200000000186265 ], [ 1665151.8, 5005667.5 ], [ 1664970.0, 5005651.099999999627471 ], [ 1664444.5, 5005607.5 ], [ 1664173.8, 5005581.5 ], [ 1664118.0, 5005563.400000000372529 ], [ 1664068.6, 5005528.400000000372529 ], [ 1663942.9, 5005382.700000000186265 ], [ 1663742.4, 5005161.5 ], [ 1663502.6, 5004894.400000000372529 ], [ 1663430.7, 5004823.900000000372529 ], [ 1663385.2, 5004793.0 ], [ 1663334.4, 5004774.0 ], [ 1663274.5, 5004769.900000000372529 ], [ 1663186.4, 5004771.299999999813735 ], [ 1663043.0, 5004795.799999999813735 ] ] ] } },
{ "type": "Feature", "properties": { "nomline": "SFMR OCCIDENTALE", "progressiv": 18540.906 }, "geometry": { "type": "MultiLineString", "coordinates": [ [ [ 1673702.1, 5007649.799999999813735 ], [ 1673616.6, 5007814.799999999813735 ], [ 1673556.6, 5007924.299999999813735 ], [ 1673500.8, 5008025.0 ], [ 1673416.9, 5008129.900000000372529 ], [ 1673374.0, 5008158.700000000186265 ], [ 1673334.0, 5008195.599999999627471 ], [ 1673287.3, 5008257.400000000372529 ], [ 1673249.0, 5008302.5 ], [ 1673140.3, 5008398.599999999627471 ], [ 1672957.9, 5008586.799999999813735 ], [ 1672638.9, 5008906.400000000372529 ], [ 1672150.8, 5009406.599999999627471 ], [ 1671715.3, 5009849.099999999627471 ], [ 1671162.7, 5010400.599999999627471 ], [ 1670775.8, 5010786.400000000372529 ], [ 1670594.3, 5010979.599999999627471 ], [ 1670570.7, 5011003.0 ], [ 1670330.5, 5011180.5 ], [ 1669971.0, 5011440.700000000186265 ], [ 1669657.3, 5011672.200000000186265 ], [ 1669408.7, 5011863.5 ], [ 1669144.2, 5012052.299999999813735 ], [ 1668932.5, 5012215.599999999627471 ], [ 1668444.0, 5012580.299999999813735 ], [ 1668125.0, 5012822.700000000186265 ], [ 1667788.8, 5013068.599999999627471 ], [ 1667562.0, 5013234.400000000372529 ], [ 1667457.6, 5013316.599999999627471 ], [ 1667357.7, 5013381.900000000372529 ], [ 1667247.3, 5013428.799999999813735 ], [ 1667160.3, 5013459.299999999813735 ], [ 1667074.5, 5013482.900000000372529 ], [ 1666981.2, 5013486.099999999627471 ], [ 1666737.8, 5013443.799999999813735 ], [ 1666613.8, 5013428.099999999627471 ], [ 1666320.6, 5013384.400000000372529 ], [ 1666002.0, 5013344.900000000372529 ], [ 1665842.8, 5013339.200000000186265 ], [ 1665766.6, 5013342.0 ], [ 1665648.8, 5013361.599999999627471 ], [ 1665539.0, 5013383.400000000372529 ], [ 1665093.9, 5013505.700000000186265 ], [ 1664711.2, 5013617.799999999813735 ], [ 1664159.0, 5013776.099999999627471 ], [ 1663497.7, 5013964.200000000186265 ], [ 1662997.0, 5014102.900000000372529 ], [ 1662205.5, 5014329.299999999813735 ], [ 1661681.7, 5014478.5 ], [ 1661491.3, 5014532.599999999627471 ], [ 1661362.6, 5014568.900000000372529 ], [ 1661091.0, 5014645.5 ], [ 1660779.2, 5014725.599999999627471 ], [ 1660414.5, 5014803.099999999627471 ], [ 1659885.4, 5014917.900000000372529 ], [ 1659748.7, 5014934.0 ], [ 1659650.9, 5014919.0 ], [ 1659585.5, 5014891.0 ], [ 1659463.5, 5014805.200000000186265 ], [ 1659249.5, 5014638.400000000372529 ], [ 1658855.0, 5014320.799999999813735 ], [ 1658680.0, 5014192.299999999813735 ], [ 1658578.4, 5014134.099999999627471 ], [ 1658496.7, 5014113.599999999627471 ], [ 1658423.7, 5014109.5 ], [ 1658328.0, 5014129.700000000186265 ], [ 1658219.5, 5014177.700000000186265 ], [ 1658167.2, 5014222.299999999813735 ], [ 1658044.4, 5014397.200000000186265 ] ] ] } },
{ "type": "Feature", "properties": { "nomline": "Ferrovia", "progressiv": 8995.015 }, "geometry": { "type": "MultiLineString", "coordinates": [ [ [ 1663043.0, 5004795.799999999813735 ], [ 1663183.1, 5004666.900000000372529 ], [ 1663222.8, 5004625.599999999627471 ], [ 1663259.5, 5004586.099999999627471 ], [ 1663294.3, 5004531.599999999627471 ], [ 1663332.4, 5004468.099999999627471 ], [ 1663399.5, 5004340.0 ], [ 1663494.7, 5004144.200000000186265 ], [ 1663585.8, 5003954.299999999813735 ], [ 1663660.4, 5003796.200000000186265 ], [ 1663779.1, 5003510.5 ], [ 1663894.1, 5003269.0 ], [ 1664019.7, 5002988.5 ], [ 1664125.2, 5002772.799999999813735 ], [ 1664355.7, 5002257.5 ], [ 1664524.7, 5001889.599999999627471 ], [ 1664685.5, 5001534.5 ], [ 1664818.2, 5001247.099999999627471 ], [ 1664940.7, 5000972.599999999627471 ], [ 1664980.8, 5000906.099999999627471 ], [ 1665258.2, 5000276.400000000372529 ], [ 1665424.0, 4999920.400000000372529 ], [ 1665566.1, 4999611.099999999627471 ], [ 1665738.3, 4999231.200000000186265 ], [ 1665863.9, 4998952.700000000186265 ], [ 1665938.5, 4998794.599999999627471 ], [ 1665998.8, 4998654.299999999813735 ], [ 1666050.5, 4998548.0 ], [ 1666144.9, 4998401.299999999813735 ], [ 1666188.8, 4998351.900000000372529 ], [ 1666248.4, 4998251.700000000186265 ], [ 1666304.3, 4998135.400000000372529 ], [ 1666406.2, 4997900.599999999627471 ], [ 1666521.7, 4997625.0 ], [ 1666634.3, 4997344.200000000186265 ], [ 1666716.4, 4997157.200000000186265 ], [ 1666801.3, 4996978.200000000186265 ], [ 1666850.4, 4996850.799999999813735 ], [ 1666925.7, 4996713.299999999813735 ] ] ] } },
{ "type": "Feature", "properties": { "nomline": "SFMR OCCIDENTALE", "progressiv": 909.044 }, "geometry": { "type": "MultiLineString", "coordinates": [ [ [ 1652966.8, 5031100.0 ], [ 1652850.3, 5030960.400000000372529 ], [ 1652807.6, 5030893.5 ], [ 1652778.6, 5030841.799999999813735 ], [ 1652743.4, 5030748.0 ], [ 1652721.4, 5030650.400000000372529 ], [ 1652722.4, 5030551.400000000372529 ], [ 1652760.7, 5030444.200000000186265 ], [ 1652798.4, 5030272.799999999813735 ] ] ] } },
{ "type": "Feature", "properties": { "nomline": "GRONDA SUD", "progressiv": 16649.156 }, "geometry": { "type": "MultiLineString", "coordinates": [ [ [ 1728515.31, 5030485.159999999217689 ], [ 1728520.458798567065969, 5030425.606319302693009 ], [ 1728521.278220667969435, 5030416.109412110410631 ], [ 1728522.127144152997062, 5030406.145511968992651 ], [ 1728522.953948989976197, 5030396.179754155687988 ], [ 1728523.747304497985169, 5030386.21128092892468 ], [ 1728523.783409890951589, 5030385.744869191199541 ], [ 1728525.605998169630766, 5030360.24019780755043 ], [ 1728527.785827039042488, 5030321.905366729013622 ], [ 1728528.046561893075705, 5030316.346384868957102 ], [ 1728528.485964491963387, 5030306.356047942303121 ], [ 1728528.897624717094004, 5030296.36452678591013 ], [ 1728529.292894318932667, 5030286.372342229820788 ], [ 1728529.46590644097887, 5030281.940812700428069 ], [ 1728540.24471027799882, 5030005.588623360730708 ], [ 1728540.598741198889911, 5029996.592810074798763 ], [ 1728541.014993818942457, 5029986.601482700556517 ], [ 1728541.480525936000049, 5029976.612340830266476 ], [ 1728542.021234575891867, 5029966.62700243294239 ], [ 1728542.662943915929645, 5029956.64766819216311 ], [ 1728543.43133188597858, 5029946.677317468449473 ], [ 1728544.351814907975495, 5029936.719897096045315 ], [ 1728545.251243348931894, 5029928.451560460962355 ], [ 1728545.541761132655665, 5029926.01735610421747 ], [ 1728563.582716753706336, 5029840.749264636076987 ], [ 1728596.15623841737397, 5029759.909366140142083 ], [ 1728642.272596151567996, 5029685.953940026462078 ], [ 1728700.530567761976272, 5029621.130084493197501 ], [ 1728700.651479005115107, 5029621.017158523201942 ], [ 1728708.025285936892033, 5029614.262637874111533 ], [ 1728715.515107213985175, 5029607.636910941451788 ], [ 1728723.10214467602782, 5029601.122672822326422 ], [ 1728730.768262571888044, 5029594.70164243131876 ], [ 1728738.495936149964109, 5029588.354794483631849 ], [ 1728746.26816166494973, 5029582.062558480538428 ], [ 1728754.068337511038408, 5029575.804989232681692 ], [ 1728759.657086988911033, 5029571.33805129211396 ], [ 1729132.262863267911598, 5029273.659436771646142 ], [ 1729136.896240097936243, 5029269.957320163026452 ], [ 1729144.704919161973521, 5029263.710359278135002 ], [ 1729152.503212931100279, 5029257.450441189110279 ], [ 1729160.28455675393343, 5029251.169469803571701 ], [ 1729168.042321441927925, 5029244.859403635375202 ], [ 1729175.769790082937106, 5029238.512278881855309 ], [ 1729183.460136523935944, 5029232.120234452188015 ], [ 1729191.106406087987125, 5029225.675539365038276 ], [ 1729194.203618397936225, 5029223.036218239925802 ], [ 1729208.845693646231666, 5029210.310365622863173 ], [ 1729224.420157396001741, 5029196.30772174615413 ], [ 1729239.747869247104973, 5029182.035398667678237 ], [ 1729243.112220030976459, 5029178.835310274735093 ], [ 1729250.319182503968477, 5029171.90283359028399 ], [ 1729257.478793990099803, 5029164.921456198208034 ], [ 1729264.59802380297333, 5029157.898897089064121 ], [ 1729271.683982365997508, 5029150.842761920765042 ], [ 1729278.743892068974674, 5029143.760559481568635 ], [ 1729510.873534025624394, 5028894.700423368252814 ], [ 1729648.203043896704912, 5028773.850454681552947 ], [ 1729774.54619297827594, 5028713.425470338203013 ], [ 1729944.834785218350589, 5028691.452748758718371 ], [ 1730224.986985355382785, 5028713.425470338203013 ], [ 1730439.221020754193887, 5028713.425470338203013 ], [ 1730636.975514968624339, 5028647.507305600680411 ], [ 1730785.291385629447177, 5028515.670976123772562 ], [ 1730856.702730762306601, 5028367.355105463415384 ], [ 1730884.168632736662403, 5028224.532415197230875 ], [ 1730796.277746418956667, 5027834.516607163473964 ], [ 1730730.359581680968404, 5027565.350767816416919 ], [ 1730683.692982465028763, 5027386.662318058311939 ], [ 1730683.487080778926611, 5027385.791354967281222 ], [ 1730681.086382714100182, 5027376.083969915285707 ], [ 1730678.519547238945961, 5027366.419131579808891 ], [ 1730675.811818294925615, 5027356.792777856811881 ], [ 1730672.988422092050314, 5027347.199683265760541 ], [ 1730670.074485193938017, 5027337.633680145256221 ], [ 1730667.095002274028957, 5027328.087873589247465 ], [ 1730664.074842877918854, 5027318.55484872777015 ], [ 1730662.124438680009916, 5027312.433012757450342 ], [ 1730651.315595529042184, 5027278.527667694725096 ], [ 1730648.887149900896475, 5027270.917322448454797 ], [ 1730645.827992762904614, 5027261.396741451695561 ], [ 1730642.72454638290219, 5027251.89051588345319 ], [ 1730639.552334853913635, 5027242.407032095827162 ], [ 1730636.287095645908266, 5027232.955197722651064 ], [ 1730635.09713297104463, 5027229.598282320424914 ], [ 1730629.667194290552288, 5027214.880157453939319 ], [ 1730572.66577000846155, 5027097.227637172676623 ], [ 1730496.100179698085412, 5026991.260716488584876 ], [ 1730490.207673324970528, 5026984.523015037178993 ], [ 1730483.546969071961939, 5026977.064179585315287 ], [ 1730476.823576976079494, 5026969.661776434630156 ], [ 1730470.056996288010851, 5026962.298814263194799 ], [ 1730463.266436256933957, 5026954.957951827906072 ], [ 1730461.499943106900901, 5026953.051464878022671 ], [ 1730216.064884077059105, 5026688.181268554180861 ], [ 1730211.783206230029464, 5026683.561221946030855 ], [ 1730204.980819900985807, 5026676.231315611861646 ], [ 1730198.165146894054487, 5026668.913764487020671 ], [ 1730191.328083223896101, 5026661.61619920656085 ], [ 1730184.461593546904624, 5026654.346320044249296 ], [ 1730177.557739622890949, 5026647.111921103671193 ], [ 1730170.608710976084694, 5026639.920912263914943 ], [ 1730163.606858279090375, 5026632.781338161788881 ], [ 1730156.544729912886396, 5026625.701393538154662 ], [ 1730149.415112036047503, 5026618.689434085972607 ], [ 1730146.757942091906443, 5026616.113257157616317 ], [ 1730045.906885050237179, 5026532.04454156011343 ], [ 1729910.917123924009502, 5026452.112041450105608 ], [ 1729903.86398395197466, 5026448.764480041339993 ], [ 1729894.791554874042049, 5026444.558511967770755 ], [ 1729885.681100954068825, 5026440.435529455542564 ], [ 1729876.537845496088266, 5026436.385788262821734 ], [ 1729867.366787631995976, 5026432.399391755461693 ], [ 1729858.172727772034705, 5026428.466322643682361 ], [ 1729848.960295730968937, 5026424.576470104046166 ], [ 1729839.733980952994898, 5026420.719652881845832 ], [ 1729830.498164358083159, 5026416.885639171116054 ], [ 1729821.257151358993724, 5026413.064163900911808 ], [ 1729820.594914197921753, 5026412.790549265220761 ], [ 1729819.230570819927379, 5026412.226875613443553 ], [ 1729405.354091374902055, 5026241.236795024015009 ], [ 1727890.50597493397072, 5025615.388228182680905 ], [ 1727889.618467201944441, 5025615.021562365815043 ], [ 1727880.375339765101671, 5025611.205203880555928 ], [ 1727871.128035509958863, 5025607.398979683406651 ], [ 1727861.872774583986029, 5025603.6121487012133 ], [ 1727852.605835710885003, 5025599.853992776945233 ], [ 1727844.215691700112075, 5025596.489155400544405 ], [ 1727813.02893934561871, 5025584.359980885870755 ], [ 1727780.285103509901091, 5025572.265355142764747 ], [ 1727747.335174395004287, 5025560.744030200876296 ], [ 1727714.189188868040219, 5025549.799515568651259 ], [ 1727680.857243517879397, 5025539.435145049355924 ], [ 1727647.349491577362642, 5025529.654075731523335 ], [ 1727613.676139832939953, 5025520.459287024103105 ], [ 1727605.880608245031908, 5025518.419465642422438 ], [ 1727596.196953518083319, 5025515.924126548692584 ], [ 1727586.50537465303205, 5025513.459732408635318 ], [ 1727576.808409539051354, 5025511.016610734164715 ], [ 1727567.108532530954108, 5025508.585071744397283 ], [ 1727565.224679597886279, 5025508.11338588129729 ], [ 1725190.470331501914188, 5024913.529728592373431 ], [ 1725118.782864049077034, 5024895.580841955728829 ], [ 1725112.865757481893525, 5024894.099595042876899 ], [ 1725103.164129616925493, 5024891.675051342695951 ], [ 1725093.459905616939068, 5024889.260922101326287 ], [ 1725089.673911534948274, 5024888.323558473959565 ], [ 1725014.35875177802518, 5024870.323995846323669 ], [ 1725005.916398061905056, 5024868.382301549427211 ], [ 1724996.167929987888783, 5024866.153543989174068 ], [ 1724986.417779750889167, 5024863.93215505219996 ], [ 1724985.113909764913842, 5024863.63531169295311 ], [ 1724794.332747806096449, 5024820.201839450746775 ], [ 1724433.563904976006597, 5024738.068764256313443 ], [ 1724354.102224936941639, 5024719.97842116933316 ], [ 1724352.634676805930212, 5024719.644323199056089 ], [ 1724342.88360581593588, 5024717.426979997195303 ], [ 1724333.129990905988961, 5024715.220858207903802 ], [ 1724323.371655631111935, 5024713.035718859173357 ], [ 1724313.606486737029627, 5024710.881336065009236 ], [ 1724305.304192181909457, 5024709.082675526849926 ], [ 1724284.257387879071757, 5024704.685293359681964 ], [ 1724216.6060947321821, 5024692.137527987360954 ], [ 1723869.068357951939106, 5024664.651210067793727 ], [ 1723522.037551288958639, 5024697.931765740737319 ], [ 1723519.025548341916874, 5024698.491146283224225 ], [ 1723509.199036777019501, 5024700.345741551369429 ], [ 1723499.379439494106919, 5024702.23662072326988 ], [ 1723489.564969340106472, 5024704.153945774771273 ], [ 1723479.753759441897273, 5024706.087892083451152 ], [ 1723472.949124987004325, 5024707.433959024958313 ], [ 1723247.239814345026389, 5024752.101727846078575 ], [ 1723244.319658359978348, 5024752.6795654585585 ], [ 1723234.50897688488476, 5024754.616191202774644 ], [ 1723224.694952303078026, 5024756.535793537274003 ], [ 1723214.875080978963524, 5024758.425240641459823 ], [ 1723205.046980807092041, 5024760.271380335092545 ], [ 1723195.208444888005033, 5024762.061035779304802 ], [ 1723185.357495930977166, 5024763.781006062403321 ], [ 1723175.492441396927461, 5024765.41807321831584 ], [ 1723165.611929251113907, 5024766.95901707559824 ], [ 1723155.715003944002092, 5024768.390639469958842 ], [ 1723148.75407120003365, 5024769.323668602854013 ], [ 1723142.014283317374066, 5024770.164811805821955 ], [ 1723129.00490058818832, 5024771.613574466668069 ], [ 1723115.972214855952188, 5024772.835071439854801 ], [ 1723025.220507694641128, 5024775.028983902186155 ], [ 1722895.485068716108799, 5024758.904661239124835 ], [ 1722887.406465962063521, 5024757.129820478148758 ], [ 1722877.6638300830964, 5024754.875985818915069 ], [ 1722877.663830081932247, 5024754.875985818915069 ], [ 1722867.94630077900365, 5024752.516178781166673 ], [ 1722858.251788938883692, 5024750.063474543392658 ], [ 1722848.577815759927034, 5024747.530934641137719 ], [ 1722838.921570412116125, 5024744.931588710285723 ], [ 1722829.279966680100188, 5024742.278425284661353 ], [ 1722819.649698331952095, 5024739.584390226751566 ], [ 1722810.027293239021674, 5024736.862391277216375 ], [ 1722800.40916639007628, 5024734.125307257287204 ], [ 1722798.746668040985242, 5024733.651568735018373 ], [ 1722316.782353257061914, 5024596.309579254128039 ], [ 1722309.934509864076972, 5024594.359033702872694 ], [ 1722300.314526635920629, 5024591.628484205342829 ], [ 1722290.688321440014988, 5024588.919960548169911 ], [ 1722281.052363595925272, 5024586.246355778537691 ], [ 1722271.403263764921576, 5024583.620597312226892 ], [ 1722261.737827538046986, 5024581.055653805844486 ], [ 1722252.053110216045752, 5024578.564536600373685 ], [ 1722242.346472864970565, 5024576.160294215194881 ], [ 1722232.615639582974836, 5024573.855998457409441 ], [ 1722222.858755554072559, 5024571.664720641449094 ], [ 1722220.043952581938356, 5024571.056486750021577 ], [ 1722124.923141436651349, 5024556.994343074969947 ], [ 1721994.190935696009547, 5024557.60121148545295 ], [ 1721884.339433253742754, 5024576.032457155175507 ], [ 1721760.568168465048075, 5024618.127016386948526 ], [ 1721753.619109475053847, 5024621.230447257868946 ], [ 1721744.532631736015901, 5024625.405925667844713 ], [ 1721735.492521503008902, 5024629.680905517190695 ], [ 1721726.494109159102663, 5024634.043001162819564 ], [ 1721717.532342169899493, 5024638.479918576776981 ], [ 1721708.601845456985757, 5024642.979462171904743 ], [ 1721699.696978909894824, 5024647.529532847926021 ], [ 1721690.8118921010755, 5024652.118118734098971 ], [ 1721681.940576506080106, 5024656.733280086889863 ], [ 1721673.076915675075725, 5024661.363129791803658 ], [ 1721670.959492240101099, 5024662.470245758071542 ], [ 1720989.906186935026199, 5025018.576793234795332 ], [ 1720981.862737755058333, 5025022.781114961020648 ], [ 1720972.996246730908751, 5025027.405541439540684 ], [ 1720964.120950954034925, 5025032.013043628074229 ], [ 1720955.232297312002629, 5025036.594717939384282 ], [ 1720946.325811319984496, 5025041.141622931696475 ], [ 1720945.501778681995347, 5025041.559695610776544 ], [ 1720932.67436895868741, 5025048.006205277517438 ], [ 1720901.294667006470263, 5025063.295190561562777 ], [ 1720869.652914749458432, 5025078.03419594746083 ], [ 1720837.758750572102144, 5025092.218731790781021 ], [ 1720696.35706803528592, 5025155.139533207751811 ], [ 1720178.994750380981714, 5025367.760616639629006 ], [ 1720173.660191443748772, 5025370.017744404263794 ], [ 1720169.196744987508282, 5025372.007479364052415 ], [ 1720164.768703998764977, 5025374.07480915915221 ], [ 1720160.377417302224785, 5025376.219104060903192 ], [ 1720156.024222526000813, 5025378.439710896462202 ], [ 1720151.71044569532387, 5025380.735953247174621 ], [ 1720147.437400828581303, 5025383.107131655327976 ], [ 1720143.206389536615461, 5025385.552523837424815 ], [ 1720139.018700626445934, 5025388.071384903043509 ], [ 1720134.875609708484262, 5025390.662947583943605 ], [ 1720130.778378808870912, 5025393.326422462239861 ], [ 1720126.728255983209237, 5025396.060998220928013 ], [ 1720122.726474938448519, 5025398.865841878578067 ], [ 1720118.774254655931145, 5025401.740099055692554 ], [ 1720114.872799020260572, 5025404.682894223369658 ], [ 1720111.023296452360228, 5025407.6933309789747 ], [ 1720107.22691954812035, 5025410.770492313429713 ], [ 1720103.484824720770121, 5025413.913440894335508 ], [ 1720099.798151848837733, 5025417.121219348162413 ], [ 1720096.168023928301409, 5025420.392850555479527 ], [ 1720092.595546731259674, 5025423.72733794618398 ], [ 1720089.081808469025418, 5025427.123665801249444 ], [ 1720085.627879460342228, 5025430.58079956844449 ], [ 1720082.234811805188656, 5025434.097686169669032 ], [ 1720078.903639065334573, 5025437.673254327848554 ], [ 1720075.6353759476915, 5025441.306414890103042 ], [ 1720072.431017997208983, 5025444.996061161160469 ], [ 1720069.291541292332113, 5025448.741069237701595 ], [ 1720066.217902148142457, 5025452.540298355743289 ], [ 1720063.21103682462126, 5025456.392591231502593 ], [ 1720060.271861242363229, 5025460.296774420887232 ], [ 1720057.40127070248127, 5025464.251658670604229 ], [ 1720054.600139614893124, 5025468.256039286032319 ], [ 1720051.86932123103179, 5025472.308696491643786 ], [ 1720049.209647384937853, 5025476.408395811915398 ], [ 1720046.621928238775581, 5025480.553888435475528 ], [ 1720044.106952036963776, 5025484.743911608122289 ], [ 1720041.66548486542888, 5025488.977189006283879 ], [ 1720039.298270419007167, 5025493.252431132830679 ], [ 1720037.006029773969203, 5025497.568335708230734 ], [ 1720034.78946116915904, 5025501.923588065430522 ], [ 1720032.649239792721346, 5025506.316861553117633 ], [ 1720030.586017576977611, 5025510.746817937120795 ], [ 1720028.600422999123111, 5025515.21210781019181 ], [ 1720026.693060890771449, 5025519.711371001787484 ], [ 1720024.864512252621353, 5025524.243236992508173 ], [ 1720023.115334078669548, 5025528.806325331330299 ], [ 1720021.44605918508023, 5025533.39924605935812 ], [ 1720019.857196049764752, 5025538.020600126124918 ], [ 1720018.349228655220941, 5025542.668979824520648 ], [ 1720016.922616343246773, 5025547.34296921081841 ], [ 1720015.577793673612177, 5025552.041144545190036 ], [ 1720014.31517029250972, 5025556.762074715457857 ], [ 1720013.135130807291716, 5025561.504321681335568 ], [ 1720012.03803466912359, 5025566.266440909355879 ], [ 1720011.024216064251959, 5025571.046981811523438 ], [ 1720010.093983811791986, 5025575.844488188624382 ], [ 1720009.247621269198135, 5025580.657498672604561 ], [ 1720008.485386247048154, 5025585.484547175467014 ], [ 1720007.807510929415002, 5025590.324163330718875 ], [ 1720007.214201803551987, 5025595.174872945062816 ], [ 1720006.705639597028494, 5025600.035198444500566 ], [ 1720006.281979223247617, 5025604.903659326955676 ], [ 1720005.943349733017385, 5025609.77877261210233 ], [ 1720005.689854276133701, 5025614.659053293988109 ], [ 1720005.521570069715381, 5025619.543014790862799 ], [ 1720005.438548375153914, 5025624.429169401526451 ], [ 1720005.440814481116831, 5025629.316028755158186 ], [ 1720005.528367697726935, 5025634.202104267664254 ], [ 1720005.701181355165318, 5025639.085907592438161 ], [ 1720005.959202812984586, 5025643.965951076708734 ], [ 1720006.302353475010023, 5025648.840748210437596 ], [ 1720006.730528814485297, 5025653.708814085461199 ], [ 1720007.243598405038938, 5025658.568665838800371 ], [ 1720007.841405960731208, 5025663.41882311552763 ], [ 1720008.523769383318722, 5025668.257808509282768 ], [ 1720009.290480818599463, 5025673.084148017689586 ], [ 1720010.141306718811393, 5025677.896371492184699 ], [ 1720011.075987913878635, 5025682.693013081327081 ], [ 1720012.094239691039547, 5025687.472611683420837 ], [ 1720013.195751880994067, 5025692.233711386099458 ], [ 1720014.380188952432945, 5025696.974861910566688 ], [ 1720015.647190114250407, 5025701.694619058631361 ], [ 1720016.996369425673038, 5025706.391545144841075 ], [ 1720018.427315913606435, 5025711.064209441654384 ], [ 1720019.93959369789809, 5025715.711188608780503 ], [ 1720041.102923810947686, 5025778.864377564750612 ], [ 1720087.703, 5025890.352000000886619 ] ] ] } },
{ "type": "Feature", "properties": { "nomline": "non c'e'", "progressiv": 4069.584 }, "geometry": { "type": "MultiLineString", "coordinates": [ [ [ 1752150.5, 5046799.299999999813735 ], [ 1752218.1, 5046465.700000000186265 ], [ 1752263.2, 5046372.5 ], [ 1752337.6, 5046251.5 ], [ 1752431.2, 5046150.400000000372529 ], [ 1752523.7, 5046073.299999999813735 ], [ 1752656.8, 5046007.0 ], [ 1752812.5, 5045950.700000000186265 ], [ 1753147.2, 5045923.200000000186265 ], [ 1753447.9, 5045897.200000000186265 ], [ 1753650.751781263388693, 5045886.545875414274633 ], [ 1754595.948733542114496, 5045798.071901722811162 ], [ 1754778.794945839326829, 5045799.546467951498926 ], [ 1754926.251568659674376, 5045815.766696461476386 ], [ 1755125.31800946732983, 5045862.952815763652325 ], [ 1755258.028970005689189, 5045913.08806752320379 ], [ 1755379.1, 5045966.299999999813735 ], [ 1755498.383265202865005, 5046041.375329376198351 ], [ 1755636.992490653879941, 5046140.171266665682197 ] ] ] } },
{ "type": "Feature", "properties": { "nomline": "Ferrovia", "progressiv": 23907.198 }, "geometry": { "type": "MultiLineString", "coordinates": [ [ [ 1629037.8, 5033182.700000000186265 ], [ 1630296.4, 5033412.200000000186265 ], [ 1630472.3, 5033454.900000000372529 ], [ 1630693.7, 5033460.599999999627471 ], [ 1630936.4, 5033407.799999999813735 ], [ 1631230.7, 5033287.099999999627471 ], [ 1631588.8, 5033132.700000000186265 ], [ 1631800.2, 5033039.299999999813735 ], [ 1632030.9, 5032889.099999999627471 ], [ 1632222.6, 5032785.200000000186265 ], [ 1632352.0, 5032732.0 ], [ 1632578.1, 5032708.799999999813735 ], [ 1632729.9, 5032736.099999999627471 ], [ 1632890.3, 5032834.700000000186265 ], [ 1633028.8, 5032923.700000000186265 ], [ 1633189.4, 5033110.299999999813735 ], [ 1633336.8, 5033300.599999999627471 ], [ 1633525.5, 5033436.799999999813735 ], [ 1633637.7, 5033489.200000000186265 ], [ 1633760.3, 5033525.900000000372529 ], [ 1633880.2, 5033542.5 ], [ 1634017.9, 5033529.5 ], [ 1634176.1, 5033488.900000000372529 ], [ 1634643.6, 5033329.900000000372529 ], [ 1636539.5, 5032699.400000000372529 ], [ 1637598.6, 5032338.0 ], [ 1639153.1, 5031977.299999999813735 ], [ 1640061.5, 5031778.799999999813735 ], [ 1640765.4, 5031629.900000000372529 ], [ 1641514.5, 5031474.0 ], [ 1641785.1, 5031429.799999999813735 ], [ 1641957.4, 5031391.5 ], [ 1642084.8, 5031386.200000000186265 ], [ 1642247.5, 5031373.700000000186265 ], [ 1642401.4, 5031398.099999999627471 ], [ 1642842.7, 5031536.700000000186265 ], [ 1643241.9, 5031670.400000000372529 ], [ 1644294.1, 5031987.400000000372529 ], [ 1644564.0, 5032077.200000000186265 ], [ 1644718.4, 5032123.599999999627471 ], [ 1644842.7, 5032127.299999999813735 ], [ 1645319.6, 5032138.599999999627471 ], [ 1647419.4, 5032169.0 ], [ 1648042.1, 5032173.799999999813735 ], [ 1648416.5, 5032186.299999999813735 ], [ 1648886.6, 5032191.700000000186265 ], [ 1649811.9, 5032202.700000000186265 ], [ 1651948.4, 5032240.200000000186265 ], [ 1652046.9, 5032241.900000000372529 ] ] ] } },
{ "type": "Feature", "properties": { "nomline": "Ferrovia", "progressiv": 1185.129 }, "geometry": { "type": "MultiLineString", "coordinates": [ [ [ 1652046.9, 5032241.900000000372529 ], [ 1652236.4, 5032290.099999999627471 ], [ 1652374.7, 5032338.099999999627471 ], [ 1652490.8, 5032444.700000000186265 ], [ 1652569.0, 5032589.5 ], [ 1652592.1, 5032689.0 ], [ 1652630.6, 5033106.099999999627471 ] ] ] } },
{ "type": "Feature", "properties": { "nomline": "Ferrovia", "progressiv": 1325.121 }, "geometry": { "type": "MultiLineString", "coordinates": [ [ [ 1652046.9, 5032241.900000000372529 ], [ 1652386.8, 5032237.299999999813735 ], [ 1652625.2, 5032250.400000000372529 ], [ 1652860.5, 5032263.5 ], [ 1653371.1, 5032250.5 ] ] ] } },
{ "type": "Feature", "properties": { "nomline": "Ferrovia", "progressiv": 24828.294 }, "geometry": { "type": "MultiLineString", "coordinates": [ [ [ 1719002.1, 4994397.5 ], [ 1718961.2, 4994232.599999999627471 ], [ 1718715.4, 4993411.099999999627471 ], [ 1718243.1, 4992046.099999999627471 ], [ 1717848.5, 4990894.599999999627471 ], [ 1717557.4, 4990047.200000000186265 ], [ 1717221.0, 4989063.900000000372529 ], [ 1716994.6, 4988397.599999999627471 ], [ 1716813.4, 4987864.0 ], [ 1716622.6, 4987296.599999999627471 ], [ 1716353.433089450467378, 4986544.065821109339595 ], [ 1716272.048220581375062, 4986297.469668435864151 ], [ 1716191.477200400782749, 4986048.431969696655869 ], [ 1716168.689437117427588, 4985831.134369815699756 ], [ 1716190.663351712049916, 4985632.55528977420181 ], [ 1716333.900720921810716, 4985114.947523767128587 ], [ 1716510.505886367987841, 4984480.959395276382565 ], [ 1716551.198320802533999, 4984317.375808848999441 ], [ 1716568.289143264992163, 4984180.64922914840281 ], [ 1716562.9, 4984004.900000000372529 ], [ 1716539.804439160740003, 4983885.222155153751373 ], [ 1716334.714569610543549, 4983256.930967483669519 ], [ 1716088.118416937068105, 4982506.562476510182023 ], [ 1715910.1, 4981937.900000000372529 ], [ 1715773.972823102027178, 4981537.268688278272748 ], [ 1715604.692295854212716, 4981022.102468336001039 ], [ 1715463.082624021684751, 4980624.944308254867792 ], [ 1715377.628511709161103, 4980476.009998224675655 ], [ 1715254.737359716556966, 4980325.447990816086531 ], [ 1715111.499990506796166, 4980218.833812598139048 ], [ 1714834.791436351602897, 4980053.622528793290257 ], [ 1713940.371727479388937, 4979529.50397327542305 ], [ 1712969.450241870013997, 4978958.996042502112687 ], [ 1712445.33168635237962, 4978646.478146044537425 ], [ 1711371.051417279290035, 4978019.000807063654065 ], [ 1711208.281679540872574, 4977924.594359175302088 ], [ 1710968.19631637679413, 4977784.612384719774127 ], [ 1710785.080361421220005, 4977708.110607983544469 ], [ 1710681.72157795727253, 4977660.093535350635648 ], [ 1710564.527366785798222, 4977569.756330905482173 ], [ 1710456.285491189686581, 4977481.860672526992857 ], [ 1710270.727990167913958, 4977365.48031004332006 ], [ 1709477.225518693681806, 4976902.400406177155674 ], [ 1708442.823835366172716, 4976289.572343592531979 ], [ 1707647.693666514242068, 4975820.795498905703425 ], [ 1707532.941001408733428, 4975741.038327414542437 ], [ 1707404.352908595465124, 4975612.450234601274133 ], [ 1707067.419551477069035, 4975222.616712718270719 ], [ 1706862.329681926639751, 4974981.71750086452812 ] ] ] } },
{ "type": "Feature", "properties": { "nomline": "SFMR OCCIDENTALE", "progressiv": 2624.974 }, "geometry": { "type": "MultiLineString", "coordinates": [ [ [ 1652966.8, 5031100.0 ], [ 1653395.5, 5031479.0 ], [ 1653495.2, 5031619.299999999813735 ], [ 1653583.8, 5031774.299999999813735 ], [ 1653657.6, 5031837.099999999627471 ], [ 1653783.1, 5031903.5 ], [ 1653986.1, 5031984.700000000186265 ], [ 1654266.6, 5032110.200000000186265 ], [ 1654643.1, 5032250.5 ], [ 1654768.6, 5032294.799999999813735 ], [ 1655137.4, 5032455.799999999813735 ] ] ] } },
{ "type": "Feature", "properties": { "nomline": "SFMR OCCIDENTALE", "progressiv": 2908.792 }, "geometry": { "type": "MultiLineString", "coordinates": [ [ [ 1652630.6, 5033106.099999999627471 ], [ 1652584.0, 5032449.700000000186265 ], [ 1652573.8, 5032164.299999999813735 ], [ 1652580.2, 5032051.299999999813735 ], [ 1652542.0, 5031907.400000000372529 ], [ 1652502.6, 5031779.5 ], [ 1652462.6, 5031626.5 ], [ 1652460.8, 5031423.299999999813735 ], [ 1652491.6, 5031243.900000000372529 ], [ 1652514.1, 5031027.200000000186265 ], [ 1652544.0, 5030890.799999999813735 ], [ 1652591.4, 5030777.700000000186265 ], [ 1652663.5, 5030591.099999999627471 ], [ 1652798.4, 5030272.799999999813735 ] ] ] } },
{ "type": "Feature", "properties": { "nomline": "SFMR OCCIDENTALE", "progressiv": 1207.996 }, "geometry": { "type": "MultiLineString", "coordinates": [ [ [ 1652630.6, 5033106.099999999627471 ], [ 1652697.3, 5032837.400000000372529 ], [ 1652768.0, 5032712.799999999813735 ], [ 1652908.8, 5032499.700000000186265 ], [ 1653029.2, 5032398.299999999813735 ], [ 1653141.9, 5032326.700000000186265 ], [ 1653371.1, 5032250.5 ] ] ] } },
{ "type": "Feature", "properties": { "nomline": "SFMR OCCIDENTALE", "progressiv": 1826.961 }, "geometry": { "type": "MultiLineString", "coordinates": [ [ [ 1653371.1, 5032250.5 ], [ 1653554.2, 5032220.5 ], [ 1653691.7, 5032164.400000000372529 ], [ 1653842.7, 5032136.700000000186265 ], [ 1654030.0, 5032141.700000000186265 ], [ 1654207.8, 5032175.599999999627471 ], [ 1654586.3, 5032295.799999999813735 ], [ 1654849.5, 5032368.599999999627471 ], [ 1655137.4, 5032455.799999999813735 ] ] ] } },
{ "type": "Feature", "properties": { "nomline": "Ferrovia", "progressiv": 1117.25 }, "geometry": { "type": "MultiLineString", "coordinates": [ [ [ 1706568.530305308988318, 4973893.601804084144533 ], [ 1706615.733529253164306, 4974367.26174090243876 ], [ 1706650.729022866813466, 4974538.169965527951717 ], [ 1706689.5, 4974657.200000000186265 ], [ 1706735.369286490837112, 4974772.558387870900333 ], [ 1706846.05270815291442, 4974959.743586270138621 ] ] ] } },
{ "type": "Feature", "properties": { "nomline": "Ferrovia", "progressiv": 12553.896 }, "geometry": { "type": "MultiLineString", "coordinates": [ [ [ 1798445.4, 5077247.5 ], [ 1798499.9, 5077276.299999999813735 ], [ 1798563.7, 5077302.0 ], [ 1798662.6, 5077325.700000000186265 ], [ 1798757.4, 5077335.099999999627471 ], [ 1798896.2, 5077328.0 ], [ 1799154.8, 5077296.700000000186265 ], [ 1799346.8, 5077272.5 ], [ 1799524.7, 5077248.599999999627471 ], [ 1799691.2, 5077233.0 ], [ 1799854.9, 5077228.299999999813735 ], [ 1800110.5, 5077232.900000000372529 ], [ 1800450.5, 5077251.299999999813735 ], [ 1800767.4, 5077270.400000000372529 ], [ 1800993.1, 5077287.299999999813735 ], [ 1801534.7, 5077308.299999999813735 ], [ 1802162.5, 5077345.099999999627471 ], [ 1802686.6, 5077372.099999999627471 ], [ 1803029.7, 5077390.700000000186265 ], [ 1803274.0, 5077398.599999999627471 ], [ 1803635.1, 5077417.799999999813735 ], [ 1803762.0, 5077424.5 ], [ 1804803.0, 5077482.0 ], [ 1805265.2, 5077504.400000000372529 ], [ 1805718.1, 5077530.299999999813735 ], [ 1806055.3, 5077545.5 ], [ 1806418.6, 5077561.299999999813735 ], [ 1806685.5, 5077577.5 ], [ 1806815.7, 5077562.900000000372529 ], [ 1806905.2, 5077541.900000000372529 ], [ 1806992.9, 5077517.900000000372529 ], [ 1807030.8, 5077503.0 ], [ 1807925.9, 5077199.0 ], [ 1808271.8, 5077079.299999999813735 ], [ 1808901.6, 5076854.5 ], [ 1809455.9, 5076670.5 ], [ 1809984.6, 5076493.099999999627471 ], [ 1810146.9, 5076444.200000000186265 ], [ 1810288.2, 5076394.099999999627471 ], [ 1810403.9, 5076388.599999999627471 ], [ 1810479.3, 5076403.0 ], [ 1810598.7, 5076437.900000000372529 ], [ 1810762.7, 5076484.0 ] ] ] } },
{ "type": "Feature", "properties": { "nomline": "Ferrovia", "progressiv": 11803.674 }, "geometry": { "type": "MultiLineString", "coordinates": [ [ [ 1758108.9, 5087853.0 ], [ 1758333.8, 5087975.0 ], [ 1758536.0, 5088072.0 ], [ 1760102.9, 5088779.299999999813735 ], [ 1761188.3, 5089288.700000000186265 ], [ 1761987.5, 5089661.099999999627471 ], [ 1762446.1, 5089877.299999999813735 ], [ 1762777.3, 5090017.099999999627471 ], [ 1762940.9, 5090095.700000000186265 ], [ 1763561.3, 5090393.900000000372529 ], [ 1763989.0, 5090578.700000000186265 ], [ 1764440.9, 5090785.599999999627471 ], [ 1764907.4, 5091005.099999999627471 ], [ 1765324.4, 5091206.5 ], [ 1765582.1, 5091331.299999999813735 ], [ 1765813.7, 5091483.700000000186265 ], [ 1765868.7, 5091524.099999999627471 ], [ 1766148.3, 5091713.200000000186265 ], [ 1766289.2, 5091800.200000000186265 ], [ 1766909.8, 5092201.400000000372529 ], [ 1767525.2, 5092605.400000000372529 ], [ 1768243.0, 5093083.700000000186265 ], [ 1768557.8, 5093284.0 ] ] ] } },
{ "type": "Feature", "properties": { "nomline": "SFMR OCCIDENTALE", "progressiv": 16788.729 }, "geometry": { "type": "MultiLineString", "coordinates": [ [ [ 1658044.4, 5014397.200000000186265 ], [ 1657964.6, 5014876.299999999813735 ], [ 1657938.1, 5015007.0 ], [ 1657878.8, 5015396.400000000372529 ], [ 1657825.8, 5015733.900000000372529 ], [ 1657754.5, 5016197.200000000186265 ], [ 1657612.0, 5017040.599999999627471 ], [ 1657606.5, 5017136.799999999813735 ], [ 1657598.7, 5017318.099999999627471 ], [ 1657595.8, 5017392.200000000186265 ], [ 1657572.0, 5017571.099999999627471 ], [ 1657562.5, 5017628.0 ], [ 1657545.9, 5017765.900000000372529 ], [ 1657514.5, 5017890.400000000372529 ], [ 1657462.7, 5018030.299999999813735 ], [ 1657429.3, 5018119.599999999627471 ], [ 1657334.6, 5018368.5 ], [ 1657254.8, 5018583.900000000372529 ], [ 1657190.9, 5018763.5 ], [ 1657116.9, 5018950.900000000372529 ], [ 1657049.9, 5019132.5 ], [ 1656992.6, 5019293.299999999813735 ], [ 1656916.5, 5019482.700000000186265 ], [ 1656713.2, 5020024.0 ], [ 1656710.7, 5020031.299999999813735 ], [ 1656634.6, 5020254.200000000186265 ], [ 1656514.6, 5020575.5 ], [ 1656379.1, 5020955.0 ], [ 1656204.8, 5021415.799999999813735 ], [ 1656011.2, 5021954.0 ], [ 1655790.8, 5022550.5 ], [ 1655747.0, 5022671.299999999813735 ], [ 1655675.5, 5022865.900000000372529 ], [ 1655417.8, 5023561.799999999813735 ], [ 1655268.3, 5023984.5 ], [ 1655072.4, 5024494.799999999813735 ], [ 1654845.6, 5025103.099999999627471 ], [ 1654665.2, 5025592.799999999813735 ], [ 1654240.8, 5026723.700000000186265 ], [ 1654190.1, 5026874.700000000186265 ], [ 1654139.5, 5026981.5 ], [ 1654093.2, 5027093.099999999627471 ], [ 1654009.9, 5027309.900000000372529 ], [ 1653870.9, 5027665.5 ], [ 1653709.8, 5028082.299999999813735 ], [ 1653593.0, 5028360.200000000186265 ], [ 1653251.3, 5029169.700000000186265 ], [ 1652798.4, 5030272.799999999813735 ] ] ] } },
{ "type": "Feature", "properties": { "nomline": "COMPLEMENTARI", "progressiv": 37640.508 }, "geometry": { "type": "MultiLineString", "coordinates": [ [ [ 1681410.484369351994246, 5006522.969808290712535 ], [ 1681618.54796567838639, 5006523.955891685560346 ], [ 1681736.877973067807034, 5006551.566226743161678 ], [ 1681814.778561265906319, 5006589.037395750172436 ], [ 1681931.136401865631342, 5006684.687485055997968 ], [ 1682143.144331771414727, 5006865.14074632525444 ], [ 1682312.750675696413964, 5007038.691423829644918 ], [ 1682518.5, 5007245.700000000186265 ], [ 1682768.4, 5007503.299999999813735 ], [ 1682919.0, 5007657.5 ], [ 1683104.7, 5007847.799999999813735 ], [ 1683438.857912685722113, 5008198.3254962451756 ], [ 1683719.89168023574166, 5008489.220097744837403 ], [ 1683911.191858848556876, 5008692.353277095593512 ], [ 1684118.269371779868379, 5008908.305540582165122 ], [ 1684184.336959239095449, 5008971.41487785615027 ], [ 1684254.348880277713761, 5009027.621631366200745 ], [ 1684429.87172457203269, 5009142.993388570845127 ], [ 1684745.418410943821073, 5009342.182234343141317 ], [ 1685483.008790337946266, 5009812.54401371628046 ], [ 1685786.722475970629603, 5010005.816359119489789 ], [ 1686777.736287857173011, 5010633.951481678523123 ], [ 1687346.706406721146777, 5010993.871920821256936 ], [ 1687794.38826801115647, 5011274.905688370577991 ], [ 1687858.483688680455089, 5011304.488190217874944 ], [ 1687947.231194222578779, 5011329.140275090932846 ], [ 1688048.797783898422495, 5011335.05677546095103 ], [ 1688400.829555881908163, 5011336.042858855798841 ], [ 1689185.751938231987879, 5011323.223774721845984 ], [ 1690513.020187783287838, 5011301.529940033331513 ], [ 1692032.574699342250824, 5011276.877855160273612 ], [ 1692896.383753285277635, 5011275.891771765425801 ], [ 1693143.890685408143327, 5011268.989188001491129 ], [ 1693397.314117900328711, 5011267.017021211795509 ], [ 1693598.475130462553352, 5011256.170103867538273 ], [ 1693874.578481037635356, 5011197.005100172944367 ], [ 1695156.486894423142076, 5010909.06874885968864 ], [ 1695474.005747584626079, 5010844.973328189924359 ], [ 1695580.502754234941676, 5010833.140327450819314 ], [ 1695708.693595573538914, 5010825.251660292036831 ], [ 1697552.669544058851898, 5010785.808324495330453 ], [ 1698099.945828235009685, 5010776.933573941700161 ], [ 1698260.677421605680138, 5010786.794407891109586 ], [ 1698708.35928289568983, 5010817.362993133254349 ], [ 1699440.033161920262501, 5010865.68107948359102 ], [ 1699578.084837207803503, 5010870.611496457830071 ], [ 1700112.542037250008434, 5010890.333164356648922 ], [ 1701389.520033661043271, 5010940.623417496681213 ], [ 1702593.527858848450705, 5010986.969337058253586 ], [ 1702766.092452957993373, 5010982.038920083083212 ], [ 1703614.124172582058236, 5010948.512084655463696 ], [ 1704207.746376319089904, 5010924.846083178184927 ], [ 1704681.066405876772478, 5010907.096582069061697 ], [ 1704983.794008114608005, 5010894.27749793510884 ], [ 1705604.040463514160365, 5010872.583663247525692 ], [ 1705867.324729955522344, 5010862.722829298116267 ], [ 1705944.239234758773819, 5010867.653246273286641 ], [ 1707221.217231169808656, 5010960.345085394568741 ], [ 1707947.960693219676614, 5011016.551838904619217 ], [ 1708386.767803955590352, 5011049.092590936459601 ], [ 1708521.861229058587924, 5011053.036924515850842 ], [ 1708599.761817256454378, 5011048.106507541611791 ], [ 1708947.849255660315976, 5010992.885837426409125 ], [ 1709621.200106661999598, 5010877.902099542319775 ], [ 1711180.471654393943027, 5010628.285523065365851 ], [ 1711658.071370721561834, 5010553.400550121441483 ], [ 1711762.910332842497155, 5010553.400550121441483 ], [ 1711864.421073943376541, 5010563.385213181376457 ], [ 1711982.572920142905787, 5010591.675091848708689 ], [ 1712072.434887674869969, 5010619.964970516040921 ], [ 1713591.767783170333132, 5011323.883716182783246 ], [ 1714109.306151734432206, 5011565.179740112274885 ], [ 1714249.091434562113136, 5011646.721155094914138 ], [ 1714402.189601468387991, 5011756.552448744885623 ], [ 1714541.974884296068922, 5011883.024847493506968 ], [ 1714666.783172535011545, 5012017.817798792384565 ], [ 1714784.93501873454079, 5012177.572407738305628 ], [ 1714848.171218108851463, 5012277.419038329273462 ], [ 1715315.786271377466619, 5013245.931355062872171 ], [ 1715585.372173973591998, 5013806.736596883274615 ], [ 1715648.608373347902671, 5013958.170653279870749 ], [ 1715677.4, 5013978.0 ] ] ] } },
{ "type": "Feature", "properties": { "nomline": "Ferrovia", "progressiv": 46017.106 }, "geometry": { "type": "MultiLineString", "coordinates": [ [ [ 1719002.1, 4994397.5 ], [ 1718815.9, 4994265.0 ], [ 1718604.1, 4994160.700000000186265 ], [ 1718455.2, 4994086.0 ], [ 1717947.0, 4993865.799999999813735 ], [ 1717189.5, 4993555.099999999627471 ], [ 1716438.5, 4993250.799999999813735 ], [ 1715738.8, 4992959.0 ], [ 1714699.0, 4992532.900000000372529 ], [ 1713439.1, 4992002.200000000186265 ], [ 1712702.6, 4991706.200000000186265 ], [ 1712365.6, 4991564.599999999627471 ], [ 1711768.9, 4991313.900000000372529 ], [ 1711554.5, 4991223.299999999813735 ], [ 1711225.3, 4991086.299999999813735 ], [ 1710737.0, 4990885.200000000186265 ], [ 1710387.9, 4990730.599999999627471 ], [ 1709991.6, 4990592.700000000186265 ], [ 1709919.2, 4990590.5 ], [ 1709499.6, 4990584.299999999813735 ], [ 1709121.4, 4990554.599999999627471 ], [ 1708669.1, 4990528.700000000186265 ], [ 1708546.7, 4990517.599999999627471 ], [ 1708487.4, 4990528.700000000186265 ], [ 1708350.3, 4990584.299999999813735 ], [ 1708191.5, 4990652.299999999813735 ], [ 1708064.8, 4990706.599999999627471 ], [ 1707831.2, 4990803.0 ], [ 1707645.8, 4990884.599999999627471 ], [ 1707538.3, 4990992.099999999627471 ], [ 1707211.6, 4991401.299999999813735 ], [ 1704608.1, 4994901.0 ], [ 1704501.4, 4995029.099999999627471 ], [ 1704352.0, 4995146.400000000372529 ], [ 1704018.4, 4995307.700000000186265 ], [ 1703893.2, 4995368.200000000186265 ], [ 1703711.8, 4995455.900000000372529 ], [ 1703594.4, 4995498.599999999627471 ], [ 1703423.7, 4995498.599999999627471 ], [ 1703210.3, 4995445.200000000186265 ], [ 1703007.6, 4995349.200000000186265 ], [ 1702804.8, 4995263.799999999813735 ], [ 1702602.1, 4995167.799999999813735 ], [ 1702431.4, 4995071.799999999813735 ], [ 1701919.2, 4994837.0 ], [ 1701716.5, 4994762.299999999813735 ], [ 1701577.8, 4994709.0 ], [ 1701471.1, 4994698.299999999813735 ], [ 1701377.5, 4994692.599999999627471 ], [ 1701243.1, 4994684.5 ], [ 1701118.9, 4994677.0 ], [ 1700692.1, 4994677.0 ], [ 1699966.6, 4994634.299999999813735 ], [ 1699134.3, 4994602.299999999813735 ], [ 1698170.6, 4994563.599999999627471 ], [ 1697829.2, 4994549.400000000372529 ], [ 1697361.6, 4994531.200000000186265 ], [ 1697236.7, 4994526.400000000372529 ], [ 1697096.5, 4994520.900000000372529 ], [ 1696904.4, 4994535.099999999627471 ], [ 1696719.5, 4994584.900000000372529 ], [ 1696605.7, 4994641.799999999813735 ], [ 1696499.0, 4994720.099999999627471 ], [ 1696406.5, 4994798.299999999813735 ], [ 1696235.8, 4995033.099999999627471 ], [ 1696157.5, 4995175.299999999813735 ], [ 1695752.1, 4996028.900000000372529 ], [ 1695533.7, 4996497.5 ], [ 1695477.0, 4996619.200000000186265 ], [ 1695410.6, 4996761.599999999627471 ], [ 1695275.5, 4997053.299999999813735 ], [ 1695183.0, 4997188.400000000372529 ], [ 1695019.4, 4997309.299999999813735 ], [ 1694912.7, 4997366.200000000186265 ], [ 1694770.4, 4997408.900000000372529 ], [ 1694542.8, 4997444.5 ], [ 1693980.9, 4997515.599999999627471 ], [ 1693234.0, 4997608.099999999627471 ], [ 1692382.2, 4997729.700000000186265 ], [ 1692270.1, 4997743.299999999813735 ], [ 1690957.1, 4997884.0 ], [ 1690842.5, 4997912.200000000186265 ], [ 1690754.2, 4997924.700000000186265 ], [ 1690543.9, 4998003.900000000372529 ], [ 1690287.8, 4998111.900000000372529 ], [ 1690088.7, 4998218.400000000372529 ], [ 1689917.7, 4998323.799999999813735 ], [ 1689781.3, 4998442.099999999627471 ], [ 1689615.3, 4998584.700000000186265 ], [ 1689107.2, 4999078.299999999813735 ], [ 1688936.1, 4999255.700000000186265 ], [ 1688769.8, 4999407.299999999813735 ], [ 1688164.7, 5000007.299999999813735 ], [ 1687912.1, 5000240.599999999627471 ], [ 1687745.1, 5000381.099999999627471 ], [ 1687545.9, 5000526.799999999813735 ], [ 1687331.2, 5000693.0 ], [ 1686894.8, 5001022.299999999813735 ], [ 1686329.9, 5001439.0 ], [ 1685924.0, 5001750.099999999627471 ], [ 1685375.1, 5002166.400000000372529 ], [ 1685260.1, 5002261.200000000186265 ], [ 1684670.8, 5002701.400000000372529 ], [ 1684456.2, 5002863.700000000186265 ], [ 1684362.1, 5002936.099999999627471 ], [ 1684262.6, 5003025.5 ], [ 1683979.0, 5003290.900000000372529 ], [ 1683760.0, 5003501.099999999627471 ], [ 1683327.8, 5003921.299999999813735 ], [ 1683087.1, 5004136.700000000186265 ], [ 1682855.2, 5004366.200000000186265 ], [ 1682642.8, 5004572.900000000372529 ], [ 1682449.8, 5004754.900000000372529 ], [ 1682303.2, 5004911.700000000186265 ], [ 1682193.43458491214551, 5005044.830799317918718 ], [ 1682117.506163503741845, 5005181.896391211077571 ], [ 1682058.4, 5005320.299999999813735 ], [ 1682015.93957382789813, 5005410.667738830670714 ], [ 1681953.816319948295131, 5005557.59416467230767 ], [ 1681898.595649833325297, 5005725.228341807611287 ], [ 1681828.583728794474155, 5005940.194521898403764 ], [ 1681740.822306647431105, 5006213.339622288011014 ], [ 1681720.114555354462937, 5006273.490709378384054 ], [ 1681697.434637271333486, 5006323.780962518416345 ], [ 1681649.116550920763984, 5006392.806800162419677 ], [ 1681580.090713276993483, 5006454.930054041557014 ], [ 1681503.176208473742008, 5006498.317723417654634 ], [ 1681407.526119167217985, 5006523.955891685560346 ] ] ] } },
{ "type": "Feature", "properties": { "nomline": "Ferrovia", "progressiv": 7700.431 }, "geometry": { "type": "MultiLineString", "coordinates": [ [ [ 1797040.2, 5076331.200000000186265 ], [ 1797423.3, 5076595.799999999813735 ], [ 1797685.2, 5076771.299999999813735 ], [ 1797840.3, 5076865.400000000372529 ], [ 1797915.8, 5076912.900000000372529 ], [ 1798209.5, 5077092.200000000186265 ], [ 1798353.9, 5077180.700000000186265 ], [ 1798445.4, 5077247.5 ], [ 1798566.6, 5077372.299999999813735 ], [ 1798620.9, 5077465.299999999813735 ], [ 1798690.6, 5077628.099999999627471 ], [ 1798876.7, 5078039.0 ], [ 1799139.4, 5078611.0 ], [ 1799254.8, 5078856.099999999627471 ], [ 1799494.2, 5079363.0 ], [ 1799713.9, 5079827.700000000186265 ], [ 1799820.6, 5080080.200000000186265 ], [ 1799864.3, 5080170.299999999813735 ], [ 1799981.4, 5080413.299999999813735 ], [ 1800105.4, 5080678.0 ], [ 1800173.0, 5080844.200000000186265 ], [ 1800215.2, 5080999.099999999627471 ], [ 1800254.6, 5081151.200000000186265 ], [ 1800327.8, 5081449.700000000186265 ], [ 1800418.0, 5081855.200000000186265 ], [ 1800544.7, 5082373.400000000372529 ], [ 1800595.7, 5082580.599999999627471 ], [ 1800625.3, 5082699.799999999813735 ], [ 1800651.0, 5082808.400000000372529 ] ] ] } },
{ "type": "Feature", "properties": { "nomline": "SFMR OCCIDENTALE", "progressiv": 33946.513 }, "geometry": { "type": "MultiLineString", "coordinates": [ [ [ 1652630.6, 5033106.099999999627471 ], [ 1652631.2, 5033241.0 ], [ 1652632.8, 5033581.5 ], [ 1652625.9, 5033816.5 ], [ 1652620.8, 5034017.5 ], [ 1652585.5, 5034123.799999999813735 ], [ 1652511.6, 5034255.299999999813735 ], [ 1652430.9, 5034376.700000000186265 ], [ 1652342.1, 5034497.799999999813735 ], [ 1652250.9, 5034694.0 ], [ 1652185.3, 5034858.700000000186265 ], [ 1652093.2, 5035095.900000000372529 ], [ 1652020.3, 5035228.400000000372529 ], [ 1651901.4, 5035402.900000000372529 ], [ 1651797.7, 5035567.799999999813735 ], [ 1651716.2, 5035725.200000000186265 ], [ 1651654.8, 5035886.900000000372529 ], [ 1651620.4, 5036046.299999999813735 ], [ 1651629.2, 5036300.700000000186265 ], [ 1651668.4, 5036731.799999999813735 ], [ 1651740.8, 5037399.799999999813735 ], [ 1651772.0, 5037735.700000000186265 ], [ 1651761.6, 5037874.0 ], [ 1651708.8, 5038013.400000000372529 ], [ 1651642.9, 5038108.200000000186265 ], [ 1651584.2, 5038158.5 ], [ 1651460.3, 5038236.5 ], [ 1651194.0, 5038369.700000000186265 ], [ 1650991.9, 5038466.099999999627471 ], [ 1650867.9, 5038502.799999999813735 ], [ 1650739.4, 5038535.0 ], [ 1650601.6, 5038535.0 ], [ 1650312.3, 5038544.200000000186265 ], [ 1649518.0, 5038525.799999999813735 ], [ 1648962.4, 5038525.799999999813735 ], [ 1648792.5, 5038539.599999999627471 ], [ 1648654.7, 5038590.099999999627471 ], [ 1648517.0, 5038663.599999999627471 ], [ 1648278.2, 5038824.299999999813735 ], [ 1647483.9, 5039320.200000000186265 ], [ 1646994.0, 5039634.299999999813735 ], [ 1646704.8, 5039831.900000000372529 ], [ 1646401.4, 5039989.0 ], [ 1646317.7, 5040024.5 ], [ 1645887.6, 5040219.299999999813735 ], [ 1645229.8, 5040518.299999999813735 ], [ 1644488.8, 5040860.5 ], [ 1644301.8, 5040935.5 ], [ 1644161.8, 5040967.5 ], [ 1644006.8, 5040995.200000000186265 ], [ 1643551.5, 5041050.400000000372529 ], [ 1643357.4, 5041079.299999999813735 ], [ 1643234.7, 5041096.599999999627471 ], [ 1643115.7, 5041132.099999999627471 ], [ 1643010.9, 5041204.900000000372529 ], [ 1642940.3, 5041275.400000000372529 ], [ 1642844.9, 5041377.400000000372529 ], [ 1642615.8, 5041694.700000000186265 ], [ 1642343.8, 5042048.0 ], [ 1642251.4, 5042155.099999999627471 ], [ 1642226.1, 5042262.599999999627471 ], [ 1642201.3, 5042346.099999999627471 ], [ 1642198.7, 5042619.299999999813735 ], [ 1642257.7, 5043227.099999999627471 ], [ 1642309.6, 5043791.400000000372529 ], [ 1642346.8, 5044496.900000000372529 ], [ 1642369.0, 5044756.700000000186265 ], [ 1642376.5, 5044912.700000000186265 ], [ 1642443.3, 5045128.0 ], [ 1642606.7, 5045610.700000000186265 ], [ 1642710.6, 5045774.0 ], [ 1642770.0, 5045915.099999999627471 ], [ 1642933.4, 5046197.299999999813735 ], [ 1643007.6, 5046420.0 ], [ 1643005.6, 5046605.400000000372529 ], [ 1642932.2, 5046761.900000000372529 ], [ 1642741.7, 5047006.0 ], [ 1642596.6, 5047137.900000000372529 ], [ 1642570.6, 5047230.400000000372529 ], [ 1642525.3, 5047384.5 ], [ 1642577.6, 5047569.799999999813735 ], [ 1642601.8, 5047664.400000000372529 ], [ 1642557.3, 5047825.5 ], [ 1642478.9, 5047934.900000000372529 ], [ 1642416.8, 5048075.700000000186265 ], [ 1642386.8, 5048169.099999999627471 ], [ 1642389.9, 5048263.200000000186265 ], [ 1642424.3, 5048390.0 ], [ 1642446.3, 5048441.5 ], [ 1642511.1, 5048512.0 ], [ 1642581.6, 5048593.599999999627471 ], [ 1642829.3, 5048829.099999999627471 ], [ 1642949.1, 5048951.700000000186265 ], [ 1643057.2, 5049058.099999999627471 ], [ 1643133.0, 5049126.799999999813735 ], [ 1643215.3, 5049168.599999999627471 ], [ 1643382.2, 5049246.299999999813735 ], [ 1643541.9, 5049329.799999999813735 ], [ 1643673.5, 5049414.700000000186265 ], [ 1643833.3, 5049539.200000000186265 ], [ 1643927.0, 5049662.299999999813735 ], [ 1643990.8, 5049778.799999999813735 ], [ 1644016.9, 5049922.5 ], [ 1644074.4, 5050146.799999999813735 ], [ 1644135.3, 5050449.400000000372529 ], [ 1644196.4, 5050743.900000000372529 ], [ 1644252.5, 5050989.299999999813735 ], [ 1644284.4, 5051190.200000000186265 ], [ 1644317.2, 5051387.5 ], [ 1644355.7, 5051481.5 ], [ 1644396.3, 5051566.799999999813735 ], [ 1644417.6, 5051632.5 ], [ 1644456.4, 5051681.599999999627471 ], [ 1644525.4, 5051760.5 ], [ 1644603.0, 5051855.700000000186265 ], [ 1644692.9, 5051979.299999999813735 ], [ 1644764.8, 5052103.299999999813735 ], [ 1644810.1, 5052207.700000000186265 ], [ 1644854.5, 5052353.099999999627471 ], [ 1644889.1, 5052449.200000000186265 ], [ 1644936.2, 5052560.599999999627471 ], [ 1644996.2, 5052683.400000000372529 ], [ 1645126.0, 5052965.200000000186265 ], [ 1645274.5, 5053265.599999999627471 ], [ 1645337.6, 5053378.400000000372529 ], [ 1645404.8, 5053453.299999999813735 ], [ 1645494.0, 5053523.700000000186265 ], [ 1645556.6, 5053580.5 ], [ 1645623.5, 5053663.299999999813735 ], [ 1645676.8, 5053730.799999999813735 ], [ 1645730.6, 5053819.400000000372529 ], [ 1645779.5, 5053902.799999999813735 ], [ 1645827.8, 5053969.200000000186265 ], [ 1645871.9, 5054043.400000000372529 ], [ 1645896.6, 5054095.200000000186265 ], [ 1645972.1, 5054197.299999999813735 ], [ 1646065.5, 5054337.0 ], [ 1646189.2, 5054469.400000000372529 ], [ 1646295.9, 5054562.299999999813735 ], [ 1646357.4, 5054623.0 ], [ 1646393.9, 5054681.099999999627471 ], [ 1646429.1, 5054754.099999999627471 ], [ 1646482.9, 5054878.700000000186265 ], [ 1646525.0, 5054994.0 ], [ 1646573.8, 5055159.599999999627471 ], [ 1646614.5, 5055252.799999999813735 ], [ 1646672.2, 5055344.5 ], [ 1646846.7, 5055600.400000000372529 ], [ 1647144.6, 5056042.900000000372529 ], [ 1647270.5, 5056207.5 ], [ 1647352.3, 5056295.799999999813735 ], [ 1647507.6, 5056403.0 ], [ 1647632.2, 5056460.299999999813735 ], [ 1647712.2, 5056539.5 ], [ 1647750.0, 5056586.599999999627471 ], [ 1647800.5, 5056644.0 ], [ 1647842.9, 5056711.200000000186265 ], [ 1647874.5, 5056763.099999999627471 ], [ 1647906.5, 5056846.099999999627471 ], [ 1647920.2, 5056934.599999999627471 ], [ 1647941.3, 5057048.299999999813735 ], [ 1647973.6, 5057234.5 ], [ 1648034.9, 5057501.599999999627471 ], [ 1648101.115231019444764, 5057860.329847865737975 ] ] ] } },
{ "type": "Feature", "properties": { "nomline": "Ferrovia", "progressiv": 3573.917 }, "geometry": { "type": "MultiLineString", "coordinates": [ [ [ 1648101.115231019444764, 5057860.329847865737975 ], [ 1648121.1, 5057968.599999999627471 ], [ 1648155.8, 5058178.900000000372529 ], [ 1648196.9, 5058292.200000000186265 ], [ 1648249.3, 5058397.700000000186265 ], [ 1648301.5, 5058547.299999999813735 ], [ 1648317.0, 5058645.900000000372529 ], [ 1648312.6, 5058741.0 ], [ 1648289.8, 5058853.599999999627471 ], [ 1648234.8, 5058972.400000000372529 ], [ 1648177.2, 5059074.0 ], [ 1648141.2, 5059190.299999999813735 ], [ 1648143.3, 5059304.599999999627471 ], [ 1648175.8, 5059445.700000000186265 ], [ 1648241.0, 5059674.799999999813735 ], [ 1648284.2, 5059826.200000000186265 ], [ 1648412.1, 5060266.200000000186265 ], [ 1648487.9, 5060472.599999999627471 ], [ 1648560.0, 5060666.799999999813735 ], [ 1648665.6, 5060800.799999999813735 ], [ 1648841.2, 5060937.5 ], [ 1648892.0, 5060963.5 ], [ 1649056.0, 5061047.700000000186265 ] ] ] } },
{ "type": "Feature", "properties": { "nomline": "Ferrovia", "progressiv": 6608.957 }, "geometry": { "type": "MultiLineString", "coordinates": [ [ [ 1642434.6, 5017375.099999999627471 ], [ 1642981.3, 5018648.200000000186265 ], [ 1643438.2, 5019698.700000000186265 ], [ 1643615.5, 5020092.700000000186265 ], [ 1643739.5, 5020464.0 ], [ 1644067.4, 5021471.5 ], [ 1644212.1, 5021918.5 ], [ 1644329.5, 5022305.599999999627471 ], [ 1644473.6, 5022770.700000000186265 ], [ 1644522.7, 5022934.400000000372529 ], [ 1644583.1, 5023058.400000000372529 ], [ 1644661.4, 5023185.0 ], [ 1644868.2, 5023498.900000000372529 ], [ 1644868.200003827223554, 5023498.900006298907101 ] ] ] } },
{ "type": "Feature", "properties": { "nomline": "SFMR OCCIDENTALE", "progressiv": 11122.494 }, "geometry": { "type": "MultiLineString", "coordinates": [ [ [ 1644868.200003827223554, 5023498.900006298907101 ], [ 1645038.1, 5023778.5 ], [ 1645148.4, 5023906.099999999627471 ], [ 1645308.5, 5024079.400000000372529 ], [ 1646876.1, 5025478.200000000186265 ], [ 1647630.9, 5026158.700000000186265 ], [ 1648221.9, 5026692.799999999813735 ], [ 1649922.5, 5028330.099999999627471 ], [ 1650792.8, 5029110.900000000372529 ], [ 1652097.4, 5030327.700000000186265 ], [ 1652638.2, 5030795.700000000186265 ], [ 1652966.8, 5031100.0 ] ] ] } },
{ "type": "Feature", "properties": { "nomline": "SFMR OCCIDENTALE", "progressiv": 3762.147 }, "geometry": { "type": "MultiLineString", "coordinates": [ [ [ 1648748.818901646183804, 5027214.466180015355349 ], [ 1648822.752474889159203, 5027401.764565563760698 ], [ 1648852.325904186349362, 5027633.423095058649778 ], [ 1648852.325904186349362, 5027840.437100139446557 ], [ 1648921.330572546459734, 5028200.247156588360667 ], [ 1649049.482099500950426, 5028555.128308154642582 ], [ 1649261.4250094643794, 5028826.218076712451875 ], [ 1649542.372587787685916, 5029033.232081792317331 ], [ 1650025.405266308458522, 5029279.677325936034322 ], [ 1650222.561461623059586, 5029343.753089413046837 ], [ 1650400.002037406200543, 5029348.681994296610355 ], [ 1650666.16290108114481, 5029309.250755233690143 ], [ 1650932.323764755856246, 5029328.966374765150249 ], [ 1651129.479960070457309, 5029427.544472422450781 ] ] ] } }
]
}
